Date,Open,High,Low,Close,Volume
2006-01-03,15.08,15.29,15.06,15.1,2293500
2006-01-04,15.1,15.31,15.06,15.3,2241300
2006-01-05,15.35,15.35,15.25,15.3,1064500
2006-01-06,15.46,15.49,15.21,15.35,905500
2006-01-09,15.29,15.35,15.15,15.3,1188100
2006-01-10,15.19,15.33,15.19,15.33,1986000
2006-01-11,15.23,15.31,15.2,15.28,1114600
2006-01-12,15.24,15.33,15.22,15.26,1099700
2006-01-13,15.32,15.32,15.17,15.22,1234400
2006-01-17,15.18,15.48,15.18,15.46,1546900
2006-01-18,15.46,15.51,15.25,15.46,728700
2006-01-19,15.43,15.55,15.23,15.51,1470600
2006-01-20,15.41,15.6,15.24,15.32,953300
2006-01-23,15.29,15.45,15.19,15.41,618100
2006-01-24,15.38,15.43,15.36,15.41,617800
2006-01-25,15.37,15.39,15.21,15.33,839100
2006-01-26,15.5,15.5,15.33,15.4,734400
2006-01-27,15.39,15.59,15.39,15.51,638400
2006-01-30,15.6,15.65,15.27,15.35,519400
2006-01-31,15.41,15.41,15.09,15.16,1508000
2006-02-01,15.05,15.18,14.93,15.0,1130500
2006-02-02,14.98,15.04,14.52,14.58,1003600
2006-02-03,14.47,14.59,14.38,14.57,1243800
2006-02-06,14.51,14.57,14.4,14.55,481400
2006-02-07,14.48,14.57,14.41,14.44,727900
2006-02-08,14.57,14.96,14.45,14.95,1119400
2006-02-09,14.92,15.02,14.61,14.8,1079000
2006-02-10,14.75,14.8,14.44,14.5,966600
2006-02-13,14.45,14.63,14.42,14.48,570000
2006-02-14,14.48,14.54,14.39,14.45,982100
2006-02-15,14.42,14.6,14.32,14.48,907600
2006-02-16,14.46,14.76,14.46,14.66,827000
2006-02-17,14.61,14.69,14.47,14.51,684400
2006-02-21,14.5,14.65,14.37,14.47,743100
2006-02-22,14.46,14.73,14.46,14.53,1334500
2006-02-23,14.47,14.6,14.32,14.52,764500
2006-02-24,14.5,14.53,14.34,14.42,1012200
2006-02-27,14.43,14.85,14.43,14.84,1045500
2006-02-28,14.72,14.82,14.26,14.6,1260800
2006-03-01,14.68,14.89,14.58,14.74,796400
2006-03-02,14.66,14.66,14.45,14.51,564500
2006-03-03,14.5,14.67,14.37,14.47,638800
2006-03-06,14.45,14.57,14.35,14.46,656900
2006-03-07,14.5,14.61,14.35,14.37,355000
2006-03-08,14.36,14.42,14.08,14.23,1219400
2006-03-09,14.21,14.28,14.01,14.24,1009400
2006-03-10,14.21,14.68,14.17,14.35,856200
2006-03-13,14.34,14.61,14.22,14.52,653900
2006-03-14,14.5,14.88,14.5,14.76,635700
2006-03-15,14.73,14.97,14.56,14.95,657400
2006-03-16,14.92,14.97,14.6,14.69,525100
2006-03-17,14.75,14.82,14.45,14.59,962200
2006-03-20,14.55,14.59,14.4,14.49,641700
2006-03-21,14.52,14.64,14.41,14.47,1229100
2006-03-22,14.42,14.48,14.18,14.37,726000
2006-03-23,14.3,14.69,14.12,14.67,773100
2006-03-24,14.05,14.64,13.88,14.47,5619800
2006-03-27,14.42,14.59,14.33,14.55,2010400
2006-03-28,14.58,14.6,14.49,14.55,1474600
2006-03-29,14.5,14.95,14.48,14.89,2305700
2006-03-30,14.83,15.03,14.78,14.95,1531200
2006-03-31,15.02,15.11,14.87,15.0,3349600
2006-04-03,15.16,15.16,14.9,14.96,2702800
2006-04-04,15.07,15.16,14.91,15.12,1894300
2006-04-05,15.07,15.15,14.94,15.03,1897400
2006-04-06,14.97,15.18,14.85,15.03,800600
2006-04-07,15.08,15.17,14.8,14.99,871400
2006-04-10,14.97,15.06,14.69,14.84,917500
2006-04-11,14.95,14.99,14.6,14.73,1107400
2006-04-12,14.7,14.82,14.66,14.77,503400
2006-04-13,14.79,14.79,14.52,14.58,1133300
2006-04-17,14.53,14.63,14.38,14.44,704000
2006-04-18,14.45,14.62,14.45,14.57,1647400
2006-04-19,14.53,14.62,14.48,14.6,1460600
2006-04-20,14.54,14.77,14.5,14.69,1666200
2006-04-21,14.74,14.78,14.58,14.71,2983900
2006-04-24,14.73,14.76,14.58,14.63,970000
2006-04-25,14.61,14.66,14.46,14.59,692100
2006-04-26,14.57,14.67,14.41,14.53,1196900
2006-04-27,14.45,15.05,14.33,14.85,1201200
2006-04-28,14.97,15.04,14.81,14.9,593000
2006-05-01,14.9,15.05,14.83,15.01,1268000
2006-05-02,15.01,15.06,14.65,14.73,2002900
2006-05-03,14.64,14.65,14.19,14.44,5722100
2006-05-04,14.44,14.72,14.42,14.48,906800
2006-05-05,14.48,14.52,14.27,14.41,747100
2006-05-08,14.35,14.47,14.27,14.42,906100
2006-05-09,14.36,14.53,14.35,14.4,954800
2006-05-10,14.35,14.44,14.22,14.27,802900
2006-05-11,14.22,14.38,14.22,14.27,1374100
2006-05-12,14.25,14.42,13.99,14.0,1483100
2006-05-15,13.91,14.42,13.91,14.31,1296700
2006-05-16,14.23,14.44,14.16,14.4,967200
2006-05-17,14.22,14.37,14.02,14.06,712300
2006-05-18,14.04,14.17,13.78,13.82,1178200
2006-05-19,13.85,14.02,13.65,13.82,1473200
2006-05-22,13.73,13.86,13.62,13.67,702800
2006-05-23,13.68,13.95,13.68,13.74,1918000
2006-05-24,13.65,13.92,13.65,13.84,1279800
2006-05-25,13.85,13.89,13.68,13.84,1149300
2006-05-26,13.85,13.99,13.72,13.87,1414600
2006-05-30,13.79,13.94,13.67,13.85,1275000
2006-05-31,13.79,14.05,13.73,13.87,1317600
2006-06-01,13.83,14.22,13.75,14.2,1327900
2006-06-02,14.29,14.43,14.0,14.38,942200
2006-06-05,14.27,14.36,13.92,14.0,768200
2006-06-06,13.97,14.08,13.88,14.0,585100
2006-06-07,13.98,14.06,13.82,13.83,697600
2006-06-08,13.76,14.01,13.61,13.81,1318600
2006-06-09,13.82,14.0,13.67,13.77,907600
2006-06-12,13.86,14.0,13.72,13.78,998400
2006-06-13,13.76,13.97,13.65,13.9,1005700
2006-06-14,13.84,13.98,13.68,13.88,1224100
2006-06-15,13.89,14.72,13.89,14.57,1363900
2006-06-16,14.52,14.52,14.16,14.26,1552900
2006-06-19,14.2,14.45,14.1,14.35,1336300
2006-06-20,14.34,14.61,14.18,14.43,667300
2006-06-21,14.56,14.73,14.42,14.61,1115000
2006-06-22,14.49,14.59,14.23,14.29,1047400
2006-06-23,14.37,14.52,14.24,14.27,703000
2006-06-26,14.24,14.52,14.24,14.38,1177900
2006-06-27,14.5,14.54,14.21,14.23,853100
2006-06-28,14.21,14.53,14.18,14.37,815400
2006-06-29,14.36,14.86,14.26,14.85,1155200
2006-06-30,14.85,14.94,14.5,14.63,3161600
2006-07-03,14.6,14.82,14.6,14.74,573300
2006-07-05,14.65,14.71,14.46,14.54,1084700
2006-07-06,14.48,14.5,14.19,14.41,1758000
2006-07-07,14.25,14.38,14.15,14.27,1541700
2006-07-10,14.26,14.26,14.01,14.14,1426600
2006-07-11,14.1,14.24,14.04,14.11,1100700
2006-07-12,14.05,14.08,13.85,14.04,1480300
2006-07-13,14.0,14.25,13.93,14.03,1074200
2006-07-14,14.0,14.0,13.75,13.88,832600
2006-07-17,13.91,13.91,13.7,13.74,895700
2006-07-18,13.75,13.8,13.6,13.69,705300
2006-07-19,13.66,13.82,13.6,13.68,997200
2006-07-20,13.56,13.71,13.47,13.57,694600
2006-07-21,13.46,13.73,13.43,13.51,1208100
2006-07-24,13.51,13.65,13.42,13.51,644100
2006-07-25,13.52,13.78,13.46,13.63,484300
2006-07-26,13.64,13.76,13.5,13.54,617400
2006-07-27,13.55,13.65,13.26,13.5,1875100
2006-07-28,13.51,13.69,13.42,13.48,745500
2006-07-31,13.39,13.49,13.3,13.32,832400
2006-08-01,13.3,13.38,13.18,13.27,981400
2006-08-02,13.17,13.71,13.17,13.52,1312900
2006-08-03,13.48,13.78,13.47,13.56,761500
2006-08-04,13.82,14.0,13.57,13.62,850300
2006-08-07,13.7,14.0,13.56,13.85,846200
2006-08-08,13.97,13.97,13.35,13.59,829800
2006-08-09,13.64,13.73,12.81,13.25,1965400
2006-08-10,13.25,13.66,13.25,13.52,863300
2006-08-11,13.33,14.35,13.27,14.04,1391100
2006-08-14,14.09,14.2,13.83,13.83,1099200
2006-08-15,13.8,14.22,13.8,14.19,890900
2006-08-16,14.3,14.3,13.92,14.16,870800
2006-08-17,14.16,14.46,13.98,14.41,1138800
2006-08-18,14.43,14.44,14.18,14.24,911700
2006-08-21,14.2,14.34,13.98,14.28,677100
2006-08-22,14.23,14.4,14.12,14.22,760900
2006-08-23,14.27,14.31,14.0,14.1,423600
2006-08-24,14.16,14.22,13.94,14.0,411200
2006-08-25,13.92,14.31,13.91,14.02,537500
2006-08-28,13.93,14.06,13.9,14.02,629300
2006-08-29,13.97,13.97,13.81,13.96,717000
2006-08-30,13.99,14.05,13.78,13.82,470600
2006-08-31,13.79,14.03,13.75,14.01,551800
2006-09-01,14.01,14.12,13.95,14.02,300100
2006-09-05,13.94,14.03,13.72,13.75,774800
2006-09-06,13.72,13.99,13.64,13.74,802300
2006-09-07,13.65,13.87,13.55,13.58,602100
2006-09-08,13.55,13.76,13.49,13.68,460700
2006-09-11,13.58,13.86,13.41,13.72,829700
2006-09-12,13.69,13.82,13.44,13.71,1384200
2006-09-13,13.55,13.82,13.55,13.79,1285500
2006-09-14,13.73,13.77,13.4,13.5,732100
2006-09-15,13.59,14.1,13.46,13.9,1995000
2006-09-18,13.81,14.26,13.77,13.92,665200
2006-09-19,13.98,14.0,13.82,13.89,617200
2006-09-20,13.96,14.11,13.92,13.97,834500
2006-09-21,13.91,14.13,13.88,14.0,454200
2006-09-22,14.04,14.19,13.89,13.95,631900
2006-09-25,14.0,14.13,13.82,14.0,816700
2006-09-26,13.95,14.11,13.86,14.04,495300
2006-09-27,13.96,14.42,13.96,14.39,1239800
2006-09-28,14.45,14.56,14.36,14.44,941600
2006-09-29,14.38,14.55,14.35,14.46,601300
2006-10-02,14.4,14.81,14.37,14.45,1467900
2006-10-03,14.38,14.5,14.18,14.47,1133900
2006-10-04,14.42,14.67,14.39,14.64,654300
2006-10-05,14.57,15.03,14.49,14.88,1765900
2006-10-06,14.75,14.93,14.7,14.74,532900
2006-10-09,14.79,14.8,14.58,14.74,502000
2006-10-10,14.72,14.86,14.66,14.81,875200
2006-10-11,14.8,14.84,14.48,14.65,684800
2006-10-12,14.74,14.74,14.44,14.7,756800
2006-10-13,14.74,14.92,14.62,14.89,618100
2006-10-16,14.83,14.95,14.8,14.89,492500
2006-10-17,14.8,14.99,14.66,14.79,524800
2006-10-18,14.87,14.92,14.5,14.63,751800
2006-10-19,14.55,14.75,14.48,14.65,482600
2006-10-20,14.88,15.14,14.87,15.06,2124700
2006-10-23,14.98,15.07,14.96,14.98,482400
2006-10-24,14.92,14.93,14.67,14.82,756200
2006-10-25,14.75,14.96,14.63,14.77,894900
2006-10-26,14.75,15.06,14.74,15.02,636200
2006-10-27,14.96,15.0,14.7,14.83,828500
2006-10-30,14.85,15.18,14.84,14.92,912300
2006-10-31,14.87,15.0,14.73,14.84,1329800
2006-11-01,14.9,15.05,14.71,14.75,1173500
2006-11-02,14.67,14.93,14.67,14.92,791600
2006-11-03,14.94,14.99,14.71,14.95,478700
2006-11-06,14.99,15.15,14.77,14.84,1087400
2006-11-07,14.77,15.05,14.71,14.95,920500
2006-11-08,14.97,15.14,14.94,15.08,578200
2006-11-09,15.16,15.16,14.56,14.92,585300
2006-11-10,14.96,15.06,14.82,15.03,411200
2006-11-13,14.96,15.1,14.93,15.08,991100
2006-11-14,15.09,15.39,14.84,15.32,1535900
2006-11-15,15.29,15.51,15.26,15.45,1089600
2006-11-16,15.54,15.69,15.43,15.69,817900
2006-11-17,15.67,15.87,15.65,15.72,1384600
2006-11-20,15.64,15.79,15.46,15.47,593600
2006-11-21,15.43,15.47,15.27,15.38,694100
2006-11-22,15.32,15.48,15.2,15.48,316800
2006-11-24,15.35,15.54,15.27,15.4,193900
2006-11-27,15.33,15.39,15.04,15.23,1045200
2006-11-28,15.25,15.35,15.03,15.09,769100
2006-11-29,15.09,15.34,15.04,15.15,925000
2006-11-30,15.1,15.41,15.06,15.34,990900
2006-12-01,15.34,15.34,15.04,15.14,918700
2006-12-04,15.15,15.29,15.04,15.08,943800
2006-12-05,15.07,15.27,15.01,15.17,916600
2006-12-06,15.16,15.22,15.05,15.14,914000
2006-12-07,15.29,15.65,15.15,15.26,1800600
2006-12-08,15.33,15.96,15.24,15.91,1912900
2006-12-11,15.89,16.53,15.85,16.35,2690200
2006-12-12,16.35,16.96,16.27,16.39,1871300
2006-12-13,16.49,16.54,16.09,16.32,1390900
2006-12-14,16.4,16.75,16.4,16.7,1738600
2006-12-15,16.89,16.89,16.22,16.25,2512000
2006-12-18,16.28,16.55,16.2,16.27,783700
2006-12-19,16.15,16.29,16.04,16.1,917700
2006-12-20,16.15,16.32,16.12,16.12,857100
2006-12-21,16.14,16.27,16.03,16.1,648700
2006-12-22,16.1,16.23,16.01,16.08,700100
2006-12-26,16.03,16.22,16.01,16.11,690700
2006-12-27,16.3,16.3,16.1,16.28,533000
2006-12-28,16.2,16.25,16.06,16.11,679600
2006-12-29,16.11,16.22,16.06,16.09,659000
2007-01-03,16.17,16.56,16.09,16.49,2904200
2007-01-04,16.5,16.66,16.28,16.42,2283100
2007-01-05,16.43,16.54,16.14,16.31,916600
2007-01-08,16.29,16.82,16.21,16.62,2880900
2007-01-09,16.69,16.77,16.49,16.51,691100
2007-01-10,16.43,16.65,16.4,16.63,865300
2007-01-11,16.7,16.86,16.7,16.77,1386100
2007-01-12,16.8,16.94,16.7,16.9,1193000
2007-01-16,16.9,17.39,16.77,17.34,2222900
2007-01-17,17.35,17.4,17.1,17.12,1009200
2007-01-18,17.31,17.44,17.04,17.19,1158300
2007-01-19,17.13,17.27,16.93,17.17,1097000
2007-01-22,17.17,17.33,16.79,17.01,994300
2007-01-23,16.89,17.19,16.86,16.98,741400
2007-01-24,16.98,17.24,16.9,17.09,564700
2007-01-25,16.87,16.96,16.51,16.62,932200
2007-01-26,16.68,16.71,16.33,16.43,976300
2007-01-29,16.35,16.82,16.33,16.73,911700
2007-01-30,16.58,16.73,16.47,16.51,758600
2007-01-31,16.59,16.6,16.28,16.57,968100
2007-02-01,16.56,16.84,16.56,16.71,783100
2007-02-02,16.72,16.78,16.39,16.58,686400
2007-02-05,16.51,16.59,16.3,16.43,811200
2007-02-06,16.55,16.57,16.11,16.22,1773200
2007-02-07,16.25,16.27,16.1,16.13,1487300
2007-02-08,16.11,16.31,16.05,16.16,973300
2007-02-09,16.13,16.25,15.89,16.05,1035700
2007-02-12,16.04,16.2,16.0,16.16,1152300
2007-02-13,16.12,16.37,16.1,16.33,1275200
2007-02-14,16.4,16.85,16.31,16.52,1512200
2007-02-15,16.47,16.64,16.45,16.61,611900
2007-02-16,16.58,16.65,16.38,16.39,1123200
2007-02-20,16.34,16.6,16.31,16.58,711400
2007-02-21,16.59,16.6,16.36,16.44,453300
2007-02-22,16.4,16.51,16.24,16.27,902200
2007-02-23,16.35,16.41,16.19,16.2,908300
2007-02-26,16.29,16.32,16.19,16.26,1005600
2007-02-27,16.2,16.36,15.88,15.89,1521600
2007-02-28,15.95,16.5,15.9,16.06,1754400
2007-03-01,15.81,16.54,15.52,16.18,1915500
2007-03-02,16.2,16.2,15.91,15.98,1049000
2007-03-05,15.9,16.02,15.64,15.96,1343600
2007-03-06,16.04,17.01,15.8,16.79,2892800
2007-03-07,16.81,17.11,16.6,17.01,1822700
2007-03-08,17.07,17.24,16.88,17.15,2006800
2007-03-09,17.25,17.26,17.11,17.24,2151200
2007-03-12,17.16,17.21,17.06,17.21,1786100
2007-03-13,16.94,17.21,16.92,16.97,1528000
2007-03-14,16.92,17.0,16.81,16.95,1436400
2007-03-15,16.97,17.03,16.93,17.0,972100
2007-03-16,16.97,17.12,16.92,17.11,1902700
2007-03-19,17.18,17.45,17.11,17.29,1756100
2007-03-20,17.3,17.31,17.03,17.08,1912600
2007-03-21,17.18,17.9,17.08,17.9,3268600
2007-03-22,17.9,18.03,17.6,17.7,2116000
2007-03-23,17.75,18.39,17.66,18.35,3692900
2007-03-26,18.39,18.39,18.2,18.26,1838000
2007-03-27,18.25,18.32,18.17,18.3,1799300
2007-03-28,18.28,18.39,18.08,18.31,2677500
2007-03-29,18.8,19.47,18.46,19.43,4671700
2007-03-30,19.34,19.48,19.05,19.13,2441400
2007-04-02,19.13,19.35,19.12,19.35,2818400
2007-04-03,19.46,20.04,19.36,19.75,4065900
2007-04-04,19.78,20.08,19.7,20.08,3151400
2007-04-05,20.14,20.15,19.88,19.99,2102400
2007-04-09,20.01,20.4,19.97,20.17,3084600
2007-04-10,20.12,20.64,20.09,20.56,3150500
2007-04-11,20.61,20.63,20.42,20.58,2748200
2007-04-12,20.6,21.07,20.45,20.75,2659000
2007-04-13,20.75,20.98,20.67,20.89,1751200
2007-04-16,21.03,21.34,20.95,21.13,1403000
2007-04-17,20.94,21.15,20.77,20.8,2159500
2007-04-18,20.8,21.19,20.8,21.1,2369300
2007-04-19,20.88,20.99,20.79,20.85,2062500
2007-04-20,21.15,21.28,20.96,21.17,2273500
2007-04-23,21.22,21.25,20.91,20.93,1473000
2007-04-24,21.33,22.0,21.15,21.35,3676700
2007-04-25,21.46,22.19,21.34,22.0,2352400
2007-04-26,21.45,21.84,21.31,21.57,1711000
2007-04-27,21.62,21.74,21.26,21.74,1737500
2007-04-30,21.86,21.98,21.69,21.75,1771100
2007-05-01,21.75,21.84,21.4,21.56,1345200
2007-05-02,21.66,21.71,21.24,21.47,2411100
2007-05-03,21.43,22.07,21.42,22.04,2636800
2007-05-04,22.15,22.48,21.84,21.97,1151700
2007-05-07,22.13,23.0,22.0,22.82,3918200
2007-05-08,22.7,23.11,22.44,22.97,1998900
2007-05-09,22.65,22.72,22.4,22.4,4184700
2007-05-10,22.44,22.44,21.84,21.98,1607400
2007-05-11,21.97,22.5,21.89,22.44,2120100
2007-05-14,22.64,23.02,22.54,22.8,2446400
2007-05-15,22.88,22.98,22.45,22.54,1384700
2007-05-16,22.65,23.04,22.62,22.9,2139200
2007-05-17,22.85,22.9,22.56,22.65,1194200
2007-05-18,22.75,23.0,22.58,22.95,1917200
2007-05-21,23.0,23.74,22.89,23.67,3129000
2007-05-22,23.51,23.74,23.48,23.53,1105500
2007-05-23,23.63,23.69,23.16,23.2,2192900
2007-05-24,23.36,23.36,22.77,22.84,1569200
2007-05-25,22.81,23.1,22.81,22.9,1310900
2007-05-29,22.87,23.45,22.87,23.38,2226600
2007-05-30,23.25,23.4,23.13,23.18,2049400
2007-05-31,23.2,23.43,23.06,23.38,2625700
2007-06-01,23.36,23.73,23.22,23.56,2136100
2007-06-04,23.43,23.96,23.42,23.82,3066700
2007-06-05,23.73,23.95,23.58,23.71,1632800
2007-06-06,23.71,23.71,23.44,23.45,1683900
2007-06-07,23.41,23.55,23.05,23.1,1395900
2007-06-08,22.96,23.6,22.8,23.5,1549000
2007-06-11,23.57,23.75,23.49,23.54,1174000
2007-06-12,23.38,24.33,23.29,23.95,4693000
2007-06-13,24.05,24.22,23.95,24.07,2370300
2007-06-14,24.17,24.3,23.98,24.25,1133100
2007-06-15,24.55,24.7,24.09,24.24,2576400
2007-06-18,24.14,24.25,23.82,23.82,1342300
2007-06-19,23.96,23.99,23.84,23.86,1712600
2007-06-20,23.8,23.93,23.54,23.63,1111600
2007-06-21,23.64,23.8,23.37,23.39,1329100
2007-06-22,23.29,23.81,23.29,23.39,1527500
2007-06-25,23.44,23.49,22.81,22.86,2157100
2007-06-26,22.99,23.02,22.75,22.9,1697100
2007-06-27,22.78,22.92,22.64,22.83,1347000
2007-06-28,22.8,23.15,22.64,22.92,1881900
2007-06-29,22.93,23.21,22.86,22.99,1139400
2007-07-02,23.04,23.53,22.94,23.05,2025700
2007-07-03,23.13,23.16,22.81,22.9,1501000
2007-07-05,22.89,23.08,22.76,22.81,1693600
2007-07-06,22.79,23.26,22.79,23.26,1913100
2007-07-09,23.27,23.5,23.21,23.44,2132100
2007-07-10,23.35,23.99,22.98,23.6,3984200
2007-07-11,23.52,23.94,23.44,23.53,3429500
2007-07-12,23.69,23.9,23.55,23.81,2423000
2007-07-13,23.68,24.03,23.68,23.95,4126100
2007-07-16,24.0,25.61,23.94,25.46,5418400
2007-07-17,25.52,25.96,25.46,25.74,3223100
2007-07-18,25.64,25.81,25.58,25.76,1666500
2007-07-19,25.79,26.0,25.33,25.94,1405200
2007-07-20,26.0,26.0,24.83,25.2,2193800
2007-07-23,25.34,25.75,25.23,25.42,2240400
2007-07-24,25.42,25.53,24.73,24.83,1297500
2007-07-25,24.99,25.03,24.39,24.45,1453500
2007-07-26,24.24,24.5,22.75,23.87,2713100
2007-07-27,23.95,24.54,23.7,24.09,3134500
2007-07-30,24.1,24.36,23.7,23.72,1734200
2007-07-31,23.92,24.37,23.67,23.72,2043900
2007-08-01,23.63,23.85,22.31,23.14,4145400
2007-08-02,23.16,23.89,23.14,23.77,3236000
2007-08-03,23.83,24.19,23.54,23.56,1761100
2007-08-06,23.75,24.12,23.53,23.9,2003800
2007-08-07,23.77,24.43,23.77,24.38,3368100
2007-08-08,24.48,26.14,24.32,26.14,3966200
2007-08-09,25.84,25.96,24.95,25.46,3590700
2007-08-10,25.33,25.77,24.07,24.57,2947500
2007-08-13,24.69,25.0,23.9,24.38,1360100
2007-08-14,24.5,24.94,24.14,24.23,1351300
2007-08-15,24.2,24.5,23.67,23.74,1361100
2007-08-16,23.62,23.72,21.92,22.46,2135000
2007-08-17,22.39,23.39,22.37,23.17,2752500
2007-08-20,23.13,24.04,22.54,23.64,1754800
2007-08-21,23.63,23.89,23.45,23.7,913500
2007-08-22,23.6,24.25,23.51,24.2,1560300
2007-08-23,24.18,24.45,23.17,23.28,1357000
2007-08-24,23.14,23.22,22.73,22.84,1968300
2007-08-27,23.71,24.73,23.58,24.55,2921700
2007-08-28,24.3,24.59,23.82,23.91,2054200
2007-08-29,24.01,24.96,23.63,24.77,1418700
2007-08-30,24.68,24.88,24.36,24.74,1046300
2007-08-31,24.96,25.27,24.81,25.12,1074200
2007-09-04,25.25,25.6,25.16,25.43,1234000
2007-09-05,25.35,25.5,25.03,25.25,1188100
2007-09-06,25.39,25.6,25.06,25.28,1054500
2007-09-07,25.31,25.54,24.87,25.41,1209100
2007-09-10,25.47,26.07,25.41,25.88,1342400
2007-09-11,26.0,26.26,25.54,26.19,1244600
2007-09-12,26.13,26.61,25.97,26.53,1671600
2007-09-13,26.8,26.8,26.42,26.66,1599100
2007-09-14,26.6,26.6,26.1,26.31,3120000
2007-09-17,26.22,26.27,25.79,25.81,1696400
2007-09-18,26.01,26.19,25.66,25.8,3094100
2007-09-19,25.9,26.8,25.87,26.65,3139200
2007-09-20,26.51,26.65,25.85,26.07,1308600
2007-09-21,25.99,28.23,25.99,27.63,4205700
2007-09-24,27.65,27.66,27.05,27.28,1861000
2007-09-25,27.13,27.52,26.85,27.39,3935400
2007-09-26,27.49,28.22,27.46,28.01,2308500
2007-09-27,28.45,29.15,28.37,29.01,2772500
2007-09-28,29.18,29.33,28.59,28.85,2137200
2007-10-01,28.92,29.08,28.63,28.96,1447000
2007-10-02,29.0,29.02,28.48,28.9,1083700
2007-10-03,28.86,29.11,28.54,28.76,1050300
2007-10-04,28.69,29.24,28.6,29.14,1399600
2007-10-05,29.03,29.81,28.91,29.24,2052500
2007-10-08,29.09,29.34,28.8,28.94,938600
2007-10-09,28.91,29.17,28.87,28.98,1208200
2007-10-10,28.77,29.2,28.77,29.0,1474900
2007-10-11,29.01,29.02,28.27,28.44,1963200
2007-10-12,28.61,28.82,28.39,28.77,1047400
2007-10-15,28.51,28.63,27.51,27.98,2238900
2007-10-16,28.04,28.19,27.71,27.96,1257900
2007-10-17,28.01,28.35,27.78,28.32,1660200
2007-10-18,28.3,28.35,27.8,28.0,2042000
2007-10-19,28.07,28.07,27.23,27.39,1283900
2007-10-22,27.34,28.09,27.16,28.05,1050300
2007-10-23,27.77,28.25,27.1,28.24,1321600
2007-10-24,28.06,28.24,27.77,28.21,1185800
2007-10-25,28.47,29.0,28.24,28.6,1730600
2007-10-26,28.9,29.0,28.37,28.49,6862100
2007-10-29,28.56,28.57,28.15,28.28,1195600
2007-10-30,28.12,28.18,27.84,28.03,1455000
2007-10-31,28.18,28.51,27.9,28.51,1300700
2007-11-01,28.44,28.75,27.69,27.78,1330600
2007-11-02,28.08,28.17,27.52,28.05,1814200
2007-11-05,27.83,27.85,26.88,27.14,5304300
2007-11-06,27.23,27.71,26.93,27.47,1892000
2007-11-07,27.18,27.39,26.77,26.96,2090200
2007-11-08,26.83,26.84,24.88,26.0,3778600
2007-11-09,25.51,26.0,25.11,25.37,2182000
2007-11-12,25.39,25.7,23.44,23.48,2688600
2007-11-13,23.59,23.92,23.14,23.85,2210000
2007-11-14,23.89,24.33,23.16,23.24,1678500
2007-11-15,23.07,23.65,23.06,23.32,1881100
2007-11-16,23.48,23.51,22.9,23.25,1983300
2007-11-19,23.11,23.22,22.55,22.83,1992900
2007-11-20,23.1,24.07,22.82,23.72,3282700
2007-11-21,23.72,23.8,22.97,23.36,1705900
2007-11-23,23.56,23.56,23.18,23.23,544300
2007-11-26,23.09,23.56,22.56,22.61,1740900
2007-11-27,22.87,23.28,22.6,22.88,1823100
2007-11-28,23.25,23.98,23.02,23.87,2748500
2007-11-29,23.69,24.27,23.68,24.16,2785900
2007-11-30,24.27,24.8,24.19,24.46,1943800
2007-12-03,25.19,26.37,25.19,26.12,2517600
2007-12-04,26.38,26.38,25.6,26.2,2597900
2007-12-05,26.2,26.28,25.69,25.91,1531200
2007-12-06,25.92,27.57,25.81,27.5,1756500
2007-12-07,27.59,27.64,26.88,27.24,2377200
2007-12-10,27.37,27.71,26.7,26.96,2655800
2007-12-11,27.15,27.5,26.57,26.72,660600
2007-12-12,27.2,27.43,26.82,27.42,1394400
2007-12-13,28.35,28.35,25.88,26.69,4279300
2007-12-14,26.39,26.98,26.12,26.61,1657600
2007-12-17,26.44,26.73,25.21,25.26,2311200
2007-12-18,25.58,25.87,25.21,25.58,1713000
2007-12-19,25.49,25.63,24.91,25.18,1100400
2007-12-20,25.4,25.54,24.95,25.48,1102600
2007-12-21,25.71,25.79,25.08,25.79,1658900
2007-12-24,25.89,25.89,24.6,25.68,336500
2007-12-26,25.93,25.94,25.43,25.71,499800
2007-12-27,25.58,25.77,25.03,25.1,674300
2007-12-28,25.0,25.27,24.74,25.06,785700
2007-12-31,24.88,25.22,24.77,25.14,888700
2008-01-02,24.98,25.51,24.58,24.79,2130400
2008-01-03,24.51,25.24,24.5,25.19,1451600
2008-01-04,25.12,25.32,24.24,24.44,2022900
2008-01-07,24.46,24.75,24.15,24.46,1609900
2008-01-08,24.56,24.61,24.11,24.19,1722400
2008-01-09,24.14,24.69,23.54,24.04,2317000
2008-01-10,24.14,24.18,23.57,24.0,1102900
2008-01-11,23.99,24.28,23.77,24.02,1049000
2008-01-14,24.08,24.74,24.02,24.7,1229100
2008-01-15,24.37,24.87,24.24,24.29,1665300
2008-01-16,24.59,25.47,24.34,25.01,2682400
2008-01-17,25.04,25.39,24.5,24.52,2007600
2008-01-18,25.44,25.44,23.14,23.36,2591300
2008-01-22,22.8,23.24,22.25,22.92,2589900
2008-01-23,23.06,23.47,22.36,23.29,2604300
2008-01-24,23.35,24.06,22.85,23.98,2039600
2008-01-25,24.25,24.64,23.73,23.8,1788000
2008-01-28,24.04,24.69,23.9,24.36,1661700
2008-01-29,24.53,24.9,23.88,23.96,1460100
2008-01-30,23.91,23.91,23.36,23.38,1784100
2008-01-31,23.21,23.32,23.0,23.22,2532700
2008-02-01,23.38,24.26,23.1,23.36,2875100
2008-02-04,23.4,23.5,23.28,23.36,2485500
2008-02-05,22.89,22.93,21.98,22.09,4683400
2008-02-06,22.29,22.4,21.33,22.25,5484000
2008-02-07,22.19,22.71,21.84,22.53,2499100
2008-02-08,22.25,22.82,21.85,22.08,3226400
2008-02-11,22.08,22.16,21.37,21.73,2526800
2008-02-12,21.84,22.17,21.5,21.82,2675100
2008-02-13,21.98,22.85,21.86,22.8,1705900
2008-02-14,22.8,22.91,22.45,22.59,1516900
2008-02-15,22.43,22.87,21.94,22.75,3785000
2008-02-19,23.17,23.58,22.7,22.79,3034300
2008-02-20,22.75,22.75,22.25,22.62,1976900
2008-02-21,22.67,22.68,21.8,21.87,1682700
2008-02-22,22.3,22.97,22.07,22.96,2050400
2008-02-25,23.01,23.49,22.9,23.34,1583000
2008-02-26,23.14,23.66,23.14,23.28,1189700
2008-02-27,23.14,23.61,23.14,23.55,1511400
2008-02-28,23.27,23.79,23.19,23.29,1335900
2008-02-29,22.93,22.93,22.28,22.57,2268600
2008-03-03,22.57,23.03,22.57,23.0,1373600
2008-03-04,22.69,22.8,21.82,22.17,1785200
2008-03-05,22.31,22.88,22.13,22.16,2524800
2008-03-06,22.26,22.48,21.33,21.38,2350000
2008-03-07,21.26,21.46,20.68,20.8,3067800
2008-03-10,20.9,20.92,19.99,19.99,4146000
2008-03-11,20.07,21.05,19.57,21.05,2913300
2008-03-12,21.87,21.92,21.01,21.04,2317700
2008-03-13,20.69,21.36,20.29,21.19,1806900
2008-03-14,20.85,21.5,20.2,20.66,1672000
2008-03-17,20.25,20.48,19.8,20.22,2037700
2008-03-18,20.51,20.64,19.99,20.64,1850100
2008-03-19,21.26,21.26,20.49,20.49,1511500
2008-03-20,21.08,21.09,20.37,20.67,1600300
2008-03-24,20.7,21.46,20.6,21.4,1317700
2008-03-25,21.37,21.87,21.23,21.85,1707500
2008-03-26,21.71,21.92,21.11,21.32,1746800
2008-03-27,20.97,21.51,20.78,20.95,1243900
2008-03-28,21.2,21.31,19.96,20.13,2850900
2008-03-31,21.01,21.23,20.54,21.22,1948600
2008-04-01,21.35,21.97,21.3,21.76,1912000
2008-04-02,21.85,21.85,21.35,21.54,1870300
2008-04-03,21.89,21.89,21.14,21.41,1125400
2008-04-04,21.53,21.84,21.32,21.72,948000
2008-04-07,21.3,22.6,21.3,22.3,2816700
2008-04-08,22.15,22.34,21.85,22.0,2056500
2008-04-09,22.0,22.1,21.78,22.0,1743800
2008-04-10,22.54,22.54,21.76,22.2,2184200
2008-04-11,22.49,22.49,21.55,21.68,1308100
2008-04-14,21.53,21.93,21.5,21.56,1197800
2008-04-15,21.65,21.65,21.3,21.53,1032600
2008-04-16,21.59,21.85,21.56,21.7,1386800
2008-04-17,21.74,22.2,21.74,21.9,1084700
2008-04-18,22.31,23.13,22.17,22.77,3014600
2008-04-21,22.63,22.74,22.38,22.61,1573000
2008-04-22,22.66,22.66,22.09,22.23,1695500
2008-04-23,22.39,22.44,22.04,22.3,1484200
2008-04-24,22.36,23.01,22.0,22.75,2966500
2008-04-25,22.7,22.83,22.0,22.22,1545100
2008-04-28,22.89,22.99,22.15,22.24,2322300
2008-04-29,22.12,23.16,22.05,22.96,3379800
2008-04-30,22.98,23.47,22.97,23.16,2065100
2008-05-01,22.99,24.39,22.99,24.36,3316600
2008-05-02,24.44,24.51,23.74,24.35,2266700
2008-05-05,24.32,24.32,23.14,23.47,2970200
2008-05-06,23.41,23.94,23.41,23.88,2072800
2008-05-07,23.9,24.01,23.31,23.41,1395100
2008-05-08,23.79,25.95,23.79,25.75,5142000
2008-05-09,25.22,26.61,25.11,26.53,2798500
2008-05-12,26.53,26.53,25.26,25.7,2910400
2008-05-13,25.74,26.16,25.53,26.07,1677300
2008-05-14,26.14,26.39,25.85,25.94,1738600
2008-05-15,25.86,26.68,25.59,26.5,1263100
2008-05-16,26.64,26.64,25.69,26.01,1825200
2008-05-19,25.84,26.17,25.65,25.81,1238200
2008-05-20,25.65,26.11,25.32,25.5,923200
2008-05-21,25.55,26.09,24.5,25.7,3796000
2008-05-22,25.71,26.03,25.35,26.01,1643200
2008-05-23,25.63,25.8,25.11,25.41,1008900
2008-05-27,25.53,25.88,25.18,25.86,1288500
2008-05-28,25.85,26.24,25.56,25.79,2569600
2008-05-29,25.73,25.8,25.15,25.5,1900600
2008-05-30,25.43,26.27,25.11,26.19,2327100
2008-06-02,26.23,26.4,25.48,25.96,2484700
2008-06-03,26.1,26.29,25.74,25.95,1884500
2008-06-04,25.81,26.83,25.7,26.43,3560100
2008-06-05,26.3,26.55,26.07,26.38,2830800
2008-06-06,26.12,26.38,25.65,25.65,2494300
2008-06-09,25.75,25.88,25.23,25.79,2341000
2008-06-10,25.43,25.7,24.81,24.94,2734700
2008-06-11,25.0,25.14,24.6,24.63,2501800
2008-06-12,24.79,25.56,24.65,24.98,3605400
2008-06-13,25.01,25.56,24.8,25.33,4095800
2008-06-16,25.15,25.8,25.08,25.76,1513100
2008-06-17,25.7,26.29,25.62,26.2,2946600
2008-06-18,26.16,26.16,25.28,25.46,1926200
2008-06-19,25.47,25.72,24.87,25.34,1613500
2008-06-20,25.04,25.24,24.35,24.48,3180600
2008-06-23,24.45,24.84,23.63,23.68,2998200
2008-06-24,23.61,23.7,22.75,23.42,3303900
2008-06-25,23.59,24.21,23.26,23.9,1733700
2008-06-26,23.36,23.52,22.65,22.71,2778000
2008-06-27,22.78,23.08,22.36,22.37,3507800
2008-06-30,22.31,22.52,21.9,21.96,2970800
2008-07-01,21.96,22.01,21.16,21.37,4348400
2008-07-02,21.68,21.91,20.97,20.97,3173200
2008-07-03,21.03,21.33,20.72,20.91,1605500
2008-07-07,20.95,21.13,20.15,20.39,2884000
2008-07-08,20.43,20.74,20.27,20.52,2595400
2008-07-09,20.43,20.7,20.19,20.53,5102300
2008-07-10,20.63,20.81,20.34,20.73,2762300
2008-07-11,20.6,20.92,20.31,20.64,2685300
2008-07-14,20.68,21.33,20.64,21.16,3035400
2008-07-15,20.82,21.46,20.7,21.18,3519100
2008-07-16,21.48,21.68,20.98,21.45,3277500
2008-07-17,21.56,21.74,20.97,21.22,2933200
2008-07-18,21.31,21.62,21.15,21.28,1815800
2008-07-21,21.41,21.41,21.1,21.23,1457000
2008-07-22,21.41,21.77,21.0,21.28,2095200
2008-07-23,21.26,21.96,21.02,21.71,1343700
2008-07-24,20.92,21.42,20.83,20.93,2070200
2008-07-25,21.16,21.32,20.98,21.15,1035000
2008-07-28,20.99,21.19,20.29,20.41,1598500
2008-07-29,20.49,21.24,20.49,21.07,1463400
2008-07-30,21.42,21.47,19.89,20.24,3686900
2008-07-31,19.93,20.45,19.39,19.88,3738100
2008-08-01,20.13,20.51,18.96,19.05,5224000
2008-08-04,19.0,19.11,17.76,18.5,7789400
2008-08-05,18.5,18.86,18.34,18.77,5154300
2008-08-06,18.83,19.1,18.39,18.79,3349000
2008-08-07,18.62,19.01,18.02,18.09,6773300
2008-08-08,18.21,18.43,18.05,18.38,7329000
2008-08-11,18.52,19.61,18.52,19.52,5633100
2008-08-12,19.61,19.61,19.08,19.43,4428500
2008-08-13,19.25,19.97,19.25,19.74,3418300
2008-08-14,19.61,20.44,19.61,20.32,3648200
2008-08-15,20.38,20.64,20.0,20.54,2923200
2008-08-18,20.29,20.53,19.55,19.66,2914900
2008-08-19,19.75,19.92,19.38,19.74,3539100
2008-08-20,19.65,19.92,19.41,19.74,2124400
2008-08-21,19.54,19.63,19.13,19.51,2029600
2008-08-22,19.58,20.13,19.51,20.1,1863900
2008-08-25,19.88,20.05,19.29,19.4,1890900
2008-08-26,19.41,19.68,19.28,19.5,1003800
2008-08-27,19.26,19.7,19.22,19.47,2067800
2008-08-28,19.63,20.38,19.55,20.3,2581900
2008-08-29,20.34,20.39,19.87,20.23,1489400
2008-09-02,20.57,21.11,19.86,19.92,2206900
2008-09-03,19.9,20.37,19.74,20.16,2646600
2008-09-04,19.97,20.3,19.43,19.43,2300700
2008-09-05,19.42,19.71,19.09,19.52,2015900
2008-09-08,19.38,20.75,18.9,19.7,2203400
2008-09-09,19.63,19.73,19.09,19.1,2088500
2008-09-10,19.37,19.37,18.32,18.66,4562300
2008-09-11,18.35,19.05,18.32,19.0,2806100
2008-09-12,18.9,19.52,18.46,19.44,3085700
2008-09-15,18.79,19.53,18.6,18.65,3041600
2008-09-16,18.58,19.68,18.32,19.38,5053800
2008-09-17,18.91,19.02,18.29,18.3,3758800
2008-09-18,18.53,21.05,13.81,13.81,5711285
2008-09-19,16.27,22.75,15.82,17.29,2809237
2008-09-22,16.5,17.1,15.86,16.76,2528718
2008-09-23,17.33,17.33,16.26,16.74,2173008
2008-09-24,17.07,17.24,16.26,16.6,838597
2008-09-25,16.57,16.75,15.52,16.25,2086320
2008-09-26,15.7,16.37,15.67,16.2,1575047
2008-09-29,15.74,15.86,13.59,14.59,2661085
2008-09-30,14.7,14.92,13.96,14.25,3301301
2008-10-01,14.14,14.69,13.69,14.53,1656176
2008-10-02,14.25,14.52,13.82,14.0,1872727
2008-10-03,14.16,14.16,12.84,13.08,2696763
2008-10-06,12.61,12.88,11.64,12.72,2298705
2008-10-07,13.0,13.39,11.81,12.05,2580579
2008-10-08,11.6,12.08,11.11,11.69,3489264
2008-10-09,11.1,12.48,10.79,11.53,3242786
2008-10-10,11.09,12.43,10.61,11.12,2964955
2008-10-13,11.55,13.1,11.01,13.05,1754370
2008-10-14,12.78,13.83,12.78,13.7,3288664
2008-10-15,13.14,14.23,12.25,12.29,1515664
2008-10-16,12.1,13.82,10.23,12.51,2209565
2008-10-17,12.02,13.21,11.0,12.87,1488905
2008-10-20,12.91,13.61,12.61,13.61,1088067
2008-10-21,13.42,13.79,12.88,13.3,1358199
2008-10-22,13.26,13.33,12.29,12.61,1481967
2008-10-23,12.61,12.84,11.36,12.03,1599686
2008-10-24,11.21,11.48,10.02,10.27,2394550
2008-10-27,10.54,10.76,10.33,10.41,2326840
2008-10-28,10.42,11.26,10.19,11.26,1230704
2008-10-29,11.0,12.73,10.65,12.35,3415451
2008-10-30,12.7,13.13,12.32,13.13,1689906
2008-10-31,13.0,14.36,13.0,13.64,3130666
2008-11-03,13.2,13.87,13.1,13.51,2069826
2008-11-04,13.84,14.63,13.33,14.05,3156409
2008-11-05,13.93,14.24,13.54,13.73,2341957
2008-11-06,13.72,13.72,12.09,12.09,1637730
2008-11-07,12.52,14.7,12.52,14.09,5204069
2008-11-10,14.67,15.0,13.88,14.07,1791329
2008-11-11,13.88,13.92,12.61,13.61,1736592
2008-11-12,13.28,13.53,11.65,12.02,5171237
2008-11-13,12.32,13.54,11.81,13.54,3103986
2008-11-14,13.45,14.54,13.17,13.92,2481790
2008-11-17,14.39,14.39,13.36,13.41,2755146
2008-11-18,13.49,13.63,12.02,12.49,2595133
2008-11-19,12.76,13.25,12.28,12.35,2580773
2008-11-20,12.05,12.86,11.65,11.91,3483076
2008-11-21,12.13,12.87,11.3,12.85,3425987
2008-11-24,13.72,13.72,12.56,13.63,2012312
2008-11-25,13.89,13.89,12.67,13.26,2197559
2008-11-26,13.06,14.3,13.02,14.15,1124454
2008-11-28,13.96,15.29,13.71,15.0,818859
2008-12-01,14.28,14.47,13.24,13.24,1504609
2008-12-02,13.18,14.02,13.02,13.7,1888065
2008-12-03,13.35,14.0,13.2,13.86,1677247
2008-12-04,13.51,13.97,12.44,12.82,2386388
2008-12-05,12.9,13.81,12.45,13.79,2389362
2008-12-08,14.25,15.15,14.12,14.96,3254638
2008-12-09,15.25,15.25,13.58,14.02,4549231
2008-12-10,13.99,14.6,13.46,13.75,4239053
2008-12-11,13.57,13.77,12.88,12.96,3742007
2008-12-12,12.75,13.53,12.75,13.07,2692560
2008-12-15,13.28,13.46,12.69,12.95,1901451
2008-12-16,13.08,13.45,12.79,13.14,3043015
2008-12-17,13.04,13.57,12.81,13.46,5230972
2008-12-18,13.75,14.05,13.38,13.9,4635538
2008-12-19,14.09,14.53,13.12,14.06,7036431
2008-12-22,14.14,14.46,13.37,13.66,1354132
2008-12-23,13.37,13.91,13.28,13.62,811209
2008-12-24,13.69,13.85,13.58,13.69,293586
2008-12-26,13.85,13.85,13.47,13.69,571331
2008-12-29,13.81,13.9,13.3,13.56,966712
2008-12-30,13.51,13.85,13.51,13.83,1102695
2008-12-31,13.75,14.23,13.61,14.16,1667468
2009-01-02,14.13,14.78,14.07,14.65,1428940
2009-01-05,14.54,15.1,14.36,14.8,2036371
2009-01-06,14.89,15.11,14.58,14.99,1776403
2009-01-07,14.42,14.97,14.3,14.56,1221400
2009-01-08,14.27,15.11,14.02,15.08,1924008
2009-01-09,14.95,15.19,14.51,14.76,1412175
2009-01-12,14.67,14.9,14.46,14.59,1648890
2009-01-13,14.71,15.25,14.71,15.0,2219304
2009-01-14,14.77,15.0,14.35,14.75,1734612
2009-01-15,14.54,15.05,14.04,14.72,1645280
2009-01-16,15.0,15.39,14.21,14.76,2152797
2009-01-20,14.7,14.7,13.64,13.67,1792554
2009-01-21,14.0,14.59,14.0,14.39,1888590
2009-01-22,14.26,14.93,14.2,14.61,1798538
2009-01-23,14.36,14.88,14.36,14.7,1617180
2009-01-26,14.86,14.91,14.28,14.57,2087456
2009-01-27,14.75,14.99,14.44,14.87,926479
2009-01-28,14.78,15.12,14.78,14.96,1561869
2009-01-29,14.86,14.89,14.33,14.4,913843
2009-01-30,14.86,15.05,14.18,14.5,1503289
2009-02-02,14.23,14.71,13.96,14.55,1091877
2009-02-03,14.59,14.75,14.16,14.64,1106310
2009-02-04,14.7,14.89,13.68,13.75,3298629
2009-02-05,13.58,13.74,13.28,13.53,2837203
2009-02-06,13.58,14.11,13.48,13.94,1765207
2009-02-09,13.84,14.13,13.7,14.05,1741344
2009-02-10,13.87,14.05,13.53,13.66,1330843
2009-02-11,13.7,14.04,13.64,13.8,1201577
2009-02-12,13.62,14.15,13.56,13.94,1757920
2009-02-13,14.01,14.14,13.93,13.98,986007
2009-02-17,13.55,13.87,13.21,13.49,1547543
2009-02-18,13.56,13.7,13.03,13.07,1144627
2009-02-19,13.28,13.39,13.06,13.12,1792217
2009-02-20,12.98,13.01,12.46,12.68,1331448
2009-02-23,12.69,13.07,12.65,12.71,1931829
2009-02-24,12.56,13.46,12.56,13.26,3168369
2009-02-25,14.73,15.32,14.35,14.93,6257557
2009-02-26,15.22,15.5,14.75,14.76,2362542
2009-02-27,14.7,15.59,14.7,15.51,3173509
2009-03-02,15.31,15.8,15.12,15.26,2525620
2009-03-03,15.46,15.78,15.35,15.66,2717519
2009-03-04,15.84,15.92,15.21,15.45,2412821
2009-03-05,15.26,15.65,15.07,15.21,2430641
2009-03-06,15.35,15.5,14.67,15.12,4023836
2009-03-09,15.04,15.29,14.41,14.49,2003460
2009-03-10,14.81,15.37,14.76,15.34,1836179
2009-03-11,15.43,15.7,15.19,15.45,1412162
2009-03-12,15.48,16.77,15.29,16.55,2769783
2009-03-13,16.63,16.99,16.3,16.92,2378675
2009-03-16,17.07,17.12,16.6,16.66,1122831
2009-03-17,16.63,16.8,16.37,16.77,1238752
2009-03-18,17.01,17.29,16.65,17.16,1584147
2009-03-19,17.12,17.12,16.17,16.27,1983899
2009-03-20,16.42,16.57,15.82,15.87,1264573
2009-03-23,16.0,16.71,15.87,16.6,2787134
2009-03-24,16.34,16.62,16.08,16.2,1356505
2009-03-25,16.13,16.25,15.72,16.24,1924347
2009-03-26,16.34,16.66,16.19,16.52,1680110
2009-03-27,16.26,16.38,15.68,16.12,1424010
2009-03-30,15.9,16.03,15.33,15.99,1679030
2009-03-31,16.04,16.37,15.84,16.02,1545289
2009-04-01,16.05,17.15,16.0,17.06,3055500
2009-04-02,17.4,18.06,17.37,17.81,2516281
2009-04-03,17.96,18.06,17.44,18.03,2825758
2009-04-06,17.65,17.87,17.41,17.84,1565464
2009-04-07,17.07,17.17,16.62,16.76,2881103
2009-04-08,16.83,17.4,16.65,17.19,1702167
2009-04-09,17.94,18.03,17.76,17.95,2401154
2009-04-13,17.88,17.95,17.48,17.66,1640105
2009-04-14,17.6,17.71,16.96,16.96,1906751
2009-04-15,16.92,17.44,16.76,16.94,1447692
2009-04-16,17.17,17.96,16.97,17.78,1167496
2009-04-17,17.74,18.37,17.57,18.25,2561395
2009-04-20,18.31,18.32,17.56,17.67,1703833
2009-04-21,17.5,18.3,17.4,18.3,1496447
2009-04-22,18.15,18.85,18.01,18.49,2643994
2009-04-23,18.55,18.57,17.63,17.82,2237513
2009-04-24,17.99,18.32,17.64,18.22,1803981
2009-04-27,17.8,18.88,17.78,18.36,2455598
2009-04-28,18.38,18.52,18.0,18.23,1270797
2009-04-29,18.75,19.61,18.7,19.27,3050715
2009-04-30,19.75,19.89,18.85,18.99,1654519
2009-05-01,19.04,19.04,18.01,18.61,2462615
2009-05-04,19.22,20.48,18.89,20.21,2871969
2009-05-05,19.97,21.36,19.62,21.25,3030446
2009-05-06,21.0,21.47,20.79,21.0,2279665
2009-05-07,21.08,21.08,19.9,20.09,2020355
2009-05-08,19.99,20.45,19.71,20.27,1680183
2009-05-11,20.02,20.71,19.84,20.25,1507028
2009-05-12,20.69,20.71,19.16,19.56,1536247
2009-05-13,19.49,19.49,18.97,19.17,1125432
2009-05-14,19.06,19.53,19.0,19.3,1067148
2009-05-15,19.28,19.84,19.19,19.29,889333
2009-05-18,19.26,20.06,18.97,20.06,1256071
2009-05-19,19.88,20.74,19.88,20.58,1995167
2009-05-20,20.89,22.17,20.82,21.82,3874386
2009-05-21,21.5,21.61,20.8,21.42,3071581
2009-05-22,21.86,21.96,21.51,21.83,1185919
2009-05-26,22.09,22.26,21.66,22.26,2196118
2009-05-27,21.63,22.21,21.63,21.87,1941007
2009-05-28,22.07,22.25,21.38,22.02,1536955
2009-05-29,22.31,22.49,22.0,22.45,2151542
2009-06-01,22.57,23.0,22.08,22.4,2596707
2009-06-02,22.66,22.66,21.89,22.43,2590596
2009-06-03,22.81,22.81,22.15,22.5,1822047
2009-06-04,22.74,22.74,22.19,22.28,2021815
2009-06-05,22.61,23.21,22.12,23.02,2192117
2009-06-08,22.99,23.4,22.62,23.25,813263
2009-06-09,23.38,23.68,22.91,23.55,1824680
2009-06-10,23.81,24.08,22.69,22.99,1402872
2009-06-11,22.77,22.97,22.39,22.67,1074281
2009-06-12,22.45,22.66,21.73,22.12,1625336
2009-06-15,22.0,22.02,21.16,21.72,1601316
2009-06-16,21.91,21.99,20.81,20.99,1159699
2009-06-17,20.7,21.26,20.51,21.14,1272198
2009-06-18,21.29,21.49,21.04,21.17,922993
2009-06-19,21.25,21.4,20.69,20.9,1756843
2009-06-22,20.63,20.91,20.11,20.3,1461545
2009-06-23,20.21,20.6,19.88,20.09,1236620
2009-06-24,20.12,21.53,20.12,20.6,1772747
2009-06-25,20.67,21.15,20.55,21.03,1973657
2009-06-26,21.11,21.85,20.96,21.74,4537085
2009-06-29,21.86,22.24,21.75,22.19,1278729
2009-06-30,22.64,22.64,22.14,22.51,2894863
2009-07-01,22.6,23.36,22.41,22.99,1482867
2009-07-02,22.9,23.14,22.02,22.08,1749197
2009-07-06,22.03,22.08,21.66,21.94,1857378
2009-07-07,22.03,22.22,21.7,21.82,2332214
2009-07-08,21.95,22.1,21.42,21.85,1702448
2009-07-09,22.11,22.69,22.0,22.44,1893527
2009-07-10,22.49,22.9,22.06,22.45,1870844
2009-07-13,22.4,22.54,21.82,22.38,1009001
2009-07-14,22.24,23.11,22.06,22.92,1650549
2009-07-15,23.05,23.89,23.0,23.57,1771072
2009-07-16,23.62,23.79,22.99,23.61,1177458
2009-07-17,23.47,23.61,23.15,23.35,759591
2009-07-20,23.1,24.04,23.0,23.98,1331980
2009-07-21,24.0,24.0,23.62,23.91,806994
2009-07-22,23.9,24.0,23.54,23.87,1239791
2009-07-23,23.86,24.23,23.5,24.02,2758689
2009-07-24,24.11,24.33,23.71,23.99,634273
2009-07-27,24.07,24.07,23.48,24.06,781072
2009-07-28,23.89,24.45,23.75,24.4,1327989
2009-07-29,24.39,24.53,24.05,24.1,961541
2009-07-30,24.5,24.67,24.18,24.38,1784127
2009-07-31,24.41,24.62,24.3,24.5,1405651
2009-08-03,24.5,25.48,24.3,25.39,2830438
2009-08-04,25.47,25.62,24.67,24.98,3329437
2009-08-05,25.2,25.33,24.51,24.93,1451793
2009-08-06,25.18,25.6,24.75,24.88,1419376
2009-08-07,25.0,25.76,24.69,25.71,1423506
2009-08-10,25.74,25.99,25.2,25.46,1023094
2009-08-11,25.6,25.7,24.81,25.01,1337762
2009-08-12,25.13,25.62,24.98,25.13,1137431
2009-08-13,25.11,25.15,24.61,24.78,2007720
2009-08-14,24.89,25.08,24.16,24.77,1359885
2009-08-17,24.37,24.66,24.13,24.28,943063
2009-08-18,24.29,24.81,24.25,24.63,754153
2009-08-19,24.29,25.06,24.25,24.93,1570334
2009-08-20,24.67,25.25,24.53,25.14,962806
2009-08-21,25.06,25.69,25.01,25.62,1328275
2009-08-24,25.62,26.07,25.44,25.85,1172379
2009-08-25,26.08,27.02,25.92,26.7,2704622
2009-08-26,26.67,26.86,26.31,26.84,1733556
2009-08-27,26.77,26.77,25.85,26.38,1718698
2009-08-28,26.69,26.69,25.48,25.87,2406856
2009-08-31,25.9,26.23,25.71,25.92,2253103
2009-09-01,25.75,26.46,25.53,25.54,1843371
2009-09-02,25.69,25.75,25.24,25.55,918292
2009-09-03,25.77,25.88,25.47,25.7,1105693
2009-09-04,25.84,26.13,25.61,26.1,1438928
2009-09-08,26.49,26.68,26.2,26.65,971028
2009-09-09,26.77,27.28,26.43,27.17,1518063
2009-09-10,27.29,28.45,27.22,28.42,2026434
2009-09-11,28.47,28.68,28.03,28.34,1049499
2009-09-14,28.34,28.45,27.98,28.35,1111375
2009-09-15,28.49,28.91,28.2,28.86,1147375
2009-09-16,29.19,29.75,28.68,29.44,1619802
2009-09-17,29.22,29.54,29.05,29.25,1798245
2009-09-18,29.19,29.77,29.07,29.6,2476684
2009-09-21,29.58,29.85,29.25,29.39,2235128
2009-09-22,29.6,29.75,29.38,29.55,1073738
2009-09-23,29.5,29.64,28.86,28.86,1190328
2009-09-24,28.86,28.86,28.25,28.43,969103
2009-09-25,28.28,28.41,27.68,27.7,1390453
2009-09-28,27.74,28.47,27.71,28.33,920441
2009-09-29,28.2,28.85,28.2,28.38,990971
2009-09-30,28.67,29.13,28.46,28.89,1667827
2009-10-01,29.16,29.88,28.77,28.91,3798011
2009-10-02,28.89,29.08,28.49,29.02,2225983
2009-10-05,29.38,29.6,29.1,29.44,1555601
2009-10-06,29.48,30.33,29.36,30.09,1613148
2009-10-07,30.18,30.28,29.82,30.22,1348979
2009-10-08,30.53,31.11,30.24,30.92,2591066
2009-10-09,31.0,31.0,30.28,30.55,1021820
2009-10-12,30.64,30.81,30.14,30.25,525317
2009-10-13,30.19,30.31,29.89,30.05,894224
2009-10-14,30.32,30.47,29.95,30.38,1765812
2009-10-15,30.38,30.38,29.85,30.01,1583038
2009-10-16,29.92,30.34,29.66,30.11,2321519
2009-10-19,30.18,31.06,29.93,30.87,2044713
2009-10-20,31.15,31.35,30.71,30.81,2057038
2009-10-21,30.57,30.84,29.71,29.74,1490425
2009-10-22,30.4,30.41,29.6,29.77,1731762
2009-10-23,29.76,29.91,29.4,29.74,1688351
2009-10-26,29.73,30.15,29.57,29.72,2120458
2009-10-27,29.85,29.92,28.98,29.05,662230
2009-10-28,28.39,28.75,27.86,27.98,1453438
2009-10-29,27.88,28.79,27.77,28.71,1696071
2009-10-30,28.69,28.78,27.34,27.5,1714519
2009-11-02,27.33,28.33,27.05,27.28,3262215
2009-11-03,27.25,28.03,26.64,28.01,2901531
2009-11-04,28.51,29.75,28.36,28.47,4308278
2009-11-05,28.47,29.65,28.33,29.64,1938488
2009-11-06,29.4,30.07,29.21,30.07,1735643
2009-11-09,30.09,30.82,29.91,30.79,1644108
2009-11-10,30.57,30.85,30.17,30.41,1124463
2009-11-11,30.7,30.92,30.28,30.34,1143108
2009-11-12,30.37,30.77,30.03,30.12,1135713
2009-11-13,30.12,30.6,30.01,30.56,1528188
2009-11-16,30.59,31.58,30.57,31.57,1123595
2009-11-17,31.49,31.88,31.29,31.88,1169132
2009-11-18,31.76,31.99,31.4,31.46,1016316
2009-11-19,31.34,31.38,30.67,31.12,850829
2009-11-20,30.79,31.41,30.48,31.16,1185839
2009-11-23,31.88,32.4,31.31,31.64,1086447
2009-11-24,31.82,31.96,31.28,31.95,1131741
2009-11-25,31.91,31.94,31.58,31.85,1107091
2009-11-27,30.97,31.69,30.84,31.57,345400
2009-11-30,31.72,32.03,31.42,31.95,1619538
2009-12-01,32.3,32.61,32.18,32.39,2206200
2009-12-02,32.5,32.69,32.2,32.39,1836578
2009-12-03,32.6,32.64,31.57,31.58,1433586
2009-12-04,32.13,32.13,31.1,31.38,1583952
2009-12-07,31.38,31.89,31.3,31.46,1161751
2009-12-08,31.47,31.51,30.99,31.04,895128
2009-12-09,30.95,31.1,30.66,30.71,1089720
2009-12-10,30.64,31.78,30.57,31.71,1328738
2009-12-11,31.79,32.05,31.6,31.93,1127799
2009-12-14,32.01,32.05,31.27,31.76,2754024
2009-12-15,32.04,32.04,31.44,31.68,1253465
2009-12-16,31.85,31.97,31.36,31.42,1088084
2009-12-17,31.07,31.87,30.99,31.53,1303673
2009-12-18,31.54,31.68,31.15,31.48,1386452
2009-12-21,31.74,31.94,31.57,31.7,858218
2009-12-22,31.7,31.7,31.34,31.46,855703
2009-12-23,31.44,31.5,30.85,30.89,1185175
2009-12-24,31.13,31.19,30.9,31.12,177066
2009-12-28,31.25,31.5,30.98,31.05,588339
2009-12-29,31.09,31.35,31.08,31.15,381645
2009-12-30,31.04,31.21,30.41,30.76,874631
2009-12-31,30.95,31.0,30.62,30.67,386643
2010-01-04,30.72,31.25,30.69,31.0,1453223
2010-01-05,31.11,32.36,31.0,32.22,1631596
2010-01-06,32.5,32.8,32.1,32.7,1979027
2010-01-07,32.64,32.98,32.53,32.68,1280753
2010-01-08,32.59,32.96,32.46,32.78,1251157
2010-01-11,32.85,32.96,32.51,32.67,1206661
2010-01-12,32.6,32.65,31.77,31.8,1432594
2010-01-13,31.75,32.1,31.29,31.99,1205473
2010-01-14,31.76,32.26,31.66,31.73,835026
2010-01-15,32.58,33.02,32.25,32.43,2095750
2010-01-19,32.26,32.48,32.13,32.4,1017714
2010-01-20,32.17,32.34,31.92,32.15,964601
2010-01-21,32.32,32.51,31.32,31.81,1204385
2010-01-22,31.74,31.96,30.88,30.89,1029532
2010-01-25,31.04,31.28,30.62,30.83,911662
2010-01-26,30.88,30.93,30.49,30.81,844227
2010-01-27,30.6,30.81,29.62,30.21,1270949
2010-01-28,30.15,30.48,29.73,30.27,1030147
2010-01-29,30.44,30.46,29.62,29.66,1403073
2010-02-01,29.96,30.13,29.59,29.79,1301348
2010-02-02,29.73,29.92,29.32,29.51,2002933
2010-02-03,29.51,29.55,29.3,29.35,2472269
2010-02-04,29.13,29.2,28.54,28.62,2000670
2010-02-05,28.53,28.53,27.69,28.46,2451561
2010-02-08,28.59,28.82,28.42,28.51,2016441
2010-02-09,28.65,29.36,28.65,29.27,2752387
2010-02-10,28.23,28.64,27.85,27.88,4115143
2010-02-11,27.82,28.16,27.7,28.01,3394544
2010-02-12,27.98,28.74,27.69,28.69,2714168
2010-02-16,28.5,29.06,28.41,28.94,1355675
2010-02-17,30.82,31.8,30.69,31.38,10067544
2010-02-18,31.22,31.89,31.17,31.6,2196120
2010-02-19,31.54,32.4,31.42,32.01,2874381
2010-02-22,32.25,32.66,32.04,32.09,3108661
2010-02-23,31.42,32.4,31.29,32.07,5714342
2010-02-24,32.25,32.25,31.6,32.0,4672712
2010-02-25,31.82,31.83,31.15,31.39,7431235
2010-02-26,31.58,31.58,30.93,31.15,60897126
2010-03-01,31.08,31.2,30.81,30.89,7765309
2010-03-02,31.05,31.1,30.7,30.75,5909547
2010-03-03,31.01,31.01,30.61,30.61,3146452
2010-03-04,30.58,31.4,30.51,31.08,3135286
2010-03-05,31.36,31.6,31.14,31.55,2583341
2010-03-08,31.55,31.85,31.36,31.68,2435568
2010-03-09,31.0,31.99,30.9,31.91,1991905
2010-03-10,31.71,32.2,31.29,31.89,2445331
2010-03-11,31.7,32.34,31.52,32.29,1889752
2010-03-12,32.32,32.49,31.98,32.44,2604347
2010-03-15,32.49,32.53,32.14,32.39,1923592
2010-03-16,32.26,32.51,32.14,32.44,1472258
2010-03-17,32.4,32.82,32.2,32.57,1258095
2010-03-18,32.68,32.71,32.38,32.55,981123
2010-03-19,32.8,33.02,32.3,32.5,2276178
2010-03-22,32.46,33.28,32.18,33.18,1888884
2010-03-23,33.16,33.4,32.98,33.35,2416355
2010-03-24,33.09,33.6,33.05,33.46,2070042
2010-03-25,33.59,33.88,33.24,33.4,2004459
2010-03-26,33.85,33.85,33.34,33.59,1921870
2010-03-29,33.86,34.21,33.42,33.6,1582431
2010-03-30,33.61,34.36,33.36,34.24,2399926
2010-03-31,33.95,34.05,33.67,33.79,2075184
2010-04-05,33.8,34.14,33.6,34.11,1981368
2010-04-06,33.97,34.67,33.94,34.62,2366704
2010-04-07,34.49,34.51,33.92,34.11,2788739
2010-04-08,34.09,34.27,33.95,34.05,2061555
2010-04-09,34.09,34.88,34.02,34.83,1743018
2010-04-12,34.84,34.87,34.63,34.69,1288498
2010-04-13,34.72,34.99,34.5,34.96,1650316
2010-04-14,34.87,35.33,34.65,35.33,1814721
2010-04-15,35.39,35.43,35.08,35.18,1765248
2010-04-16,35.01,35.68,34.79,35.19,3919619
2010-04-19,35.2,35.55,34.91,35.34,1889507
2010-04-20,35.46,36.09,35.34,36.02,1560629
2010-04-21,36.13,36.7,36.07,36.45,3165906
2010-04-22,36.37,36.67,36.04,36.63,2386580
2010-04-23,36.72,37.41,36.34,37.3,2705917
2010-04-26,37.36,37.41,36.91,37.0,2286781
2010-04-27,36.75,36.97,35.98,36.09,2568407
2010-04-28,36.21,36.45,35.93,36.25,1743100
2010-04-29,36.59,37.67,36.53,37.5,4183609
2010-04-30,37.75,39.11,37.62,38.73,4337478
2010-05-03,39.0,39.4,38.7,39.36,3395046
2010-05-04,39.08,39.1,38.48,38.87,2684488
2010-05-05,38.42,38.57,37.25,37.59,2530794
2010-05-06,37.29,38.16,33.51,36.32,2878626
2010-05-07,36.49,37.05,34.88,35.25,3301953
2010-05-10,36.4,38.66,36.4,37.75,3086019
2010-05-11,37.77,38.34,37.29,38.15,2345129
2010-05-12,38.18,38.75,38.06,38.72,1205406
2010-05-13,38.77,39.1,38.09,38.09,1381607
2010-05-14,37.98,38.12,37.18,37.49,1712474
2010-05-17,37.7,37.87,36.65,37.2,2181663
2010-05-18,37.51,37.77,36.71,37.08,1613529
2010-05-19,36.99,37.62,36.36,37.05,2788845
2010-05-20,36.39,36.78,35.76,35.79,2838130
2010-05-21,35.21,36.64,35.06,36.42,3229792
2010-05-24,36.24,36.83,35.9,36.39,1880572
2010-05-25,35.51,36.54,34.86,36.46,2851717
2010-05-26,36.63,38.04,36.47,37.22,2996056
2010-05-27,37.84,38.72,37.84,38.71,1968541
2010-05-28,38.49,38.63,37.28,37.66,2683432
2010-06-01,37.23,38.22,37.08,37.08,1728680
2010-06-02,37.32,39.07,37.1,39.07,4728035
2010-06-03,38.91,39.54,38.66,38.88,2805967
2010-06-04,38.3,38.37,36.81,36.95,2620522
2010-06-07,36.91,37.29,36.01,36.06,2028388
2010-06-08,36.06,36.12,34.9,35.87,3276698
2010-06-09,35.89,36.75,35.74,35.84,2106025
2010-06-10,36.52,38.02,36.07,37.98,2430789
2010-06-11,37.53,38.52,37.27,38.51,2304832
2010-06-14,38.68,39.0,38.28,38.36,1745144
2010-06-15,38.75,39.54,38.41,39.53,2247510
2010-06-16,39.35,39.68,38.92,39.17,2318768
2010-06-17,39.14,39.5,38.98,39.31,1962856
2010-06-18,39.46,39.71,38.93,39.26,2165670
2010-06-21,39.7,40.13,39.19,39.37,2951395
2010-06-22,39.41,39.82,38.58,38.7,4181895
2010-06-23,38.92,38.98,37.74,38.19,2950974
2010-06-24,38.14,38.22,37.15,37.3,3842788
2010-06-25,37.3,37.86,36.88,37.63,20689773
2010-06-28,37.79,38.03,37.42,37.44,3363849
2010-06-29,37.01,37.14,35.18,35.46,3041989
2010-06-30,35.26,36.42,35.24,35.71,3535644
2010-07-01,35.61,36.11,34.96,36.09,2880008
2010-07-02,36.16,36.35,34.94,35.39,1902436
2010-07-06,35.82,36.26,35.25,35.63,1930570
2010-07-07,35.58,36.33,35.55,36.27,2358883
2010-07-08,36.51,36.62,35.86,36.33,1913102
2010-07-09,36.25,36.5,35.94,36.29,2226289
2010-07-12,36.01,36.27,35.58,35.94,1809358
2010-07-13,36.23,36.89,36.03,36.6,2475382
2010-07-14,36.39,36.91,36.11,36.63,1806285
2010-07-15,36.56,36.65,35.77,36.29,1691346
2010-07-16,36.14,36.26,34.92,34.99,2069939
2010-07-19,35.13,35.61,34.99,35.43,1407465
2010-07-20,34.84,35.87,34.7,35.81,2017315
2010-07-21,35.87,35.93,34.84,34.98,2246301
2010-07-22,35.3,36.22,34.9,36.11,1951105
2010-07-23,35.99,36.99,35.77,36.97,1665621
2010-07-26,37.1,38.29,36.97,38.29,1878502
2010-07-27,38.35,38.53,37.78,37.98,1430284
2010-07-28,37.9,37.98,37.55,37.85,1251447
2010-07-29,38.2,38.55,37.64,38.06,1486440
2010-07-30,37.62,38.8,37.21,38.61,2289880
2010-08-02,39.34,39.99,39.23,39.36,2876100
2010-08-03,39.27,39.73,37.96,38.4,4296646
2010-08-04,38.54,38.61,38.03,38.36,2004337
2010-08-05,38.0,38.37,37.49,38.34,2349774
2010-08-06,37.92,38.29,37.76,38.19,2186268
2010-08-09,38.28,38.28,38.0,38.22,1529454
2010-08-10,38.01,38.66,37.81,38.57,2314916
2010-08-11,38.0,38.07,37.49,37.93,2498460
2010-08-12,37.5,37.72,37.06,37.36,2091828
2010-08-13,37.11,37.54,37.04,37.2,1739096
2010-08-16,37.0,37.12,36.66,36.97,1114619
2010-08-17,37.23,38.03,36.97,37.75,1500729
2010-08-18,37.67,38.44,37.39,38.04,1002252
2010-08-19,37.78,38.01,37.2,37.37,1160747
2010-08-20,37.26,37.88,36.99,37.82,1996482
2010-08-23,38.01,38.3,37.54,37.79,1048210
2010-08-24,37.46,37.54,36.8,36.81,1333158
2010-08-25,36.56,36.97,36.19,36.8,1127337
2010-08-26,36.9,37.42,36.86,37.18,1835437
2010-08-27,37.51,38.1,36.89,37.99,1315929
2010-08-30,37.92,38.41,37.74,37.74,1004610
2010-08-31,37.55,38.21,37.47,37.75,1519289
2010-09-01,38.24,39.25,38.22,38.94,1997645
2010-09-02,39.06,39.53,38.99,39.44,1146824
2010-09-03,39.87,40.52,39.56,40.18,1139809
2010-09-07,39.43,39.83,38.93,39.18,1133221
2010-09-08,39.24,39.77,39.03,39.14,1301938
2010-09-09,39.6,39.7,38.94,39.14,1221807
2010-09-10,39.14,39.52,38.97,39.49,610924
2010-09-13,39.84,40.33,39.73,39.87,1010227
2010-09-14,39.84,40.49,39.61,40.45,1866442
2010-09-15,40.69,42.11,40.56,41.54,3006228
2010-09-16,41.57,41.81,40.88,41.56,1871482
2010-09-17,41.89,42.18,41.53,41.99,2230384
2010-09-20,42.24,43.56,41.93,43.37,2213925
2010-09-21,43.52,44.16,43.1,43.24,1781664
2010-09-22,43.24,43.6,42.37,42.51,2175755
2010-09-23,42.25,43.13,41.95,42.51,1173315
2010-09-24,43.22,43.62,43.12,43.54,1979576
2010-09-27,43.5,43.98,43.29,43.74,1212120
2010-09-28,43.65,43.85,43.32,43.69,1673202
2010-09-29,43.51,43.78,43.23,43.5,924672
2010-09-30,43.89,44.39,43.42,43.55,1727631
2010-10-01,43.8,43.8,42.98,43.27,1466364
2010-10-04,43.1,43.37,42.5,42.6,2134345
2010-10-05,42.97,44.02,42.73,43.89,2490160
2010-10-06,43.89,44.08,43.0,43.33,1673973
2010-10-07,43.57,43.9,43.33,43.84,1155144
2010-10-08,43.97,44.03,43.1,43.43,1481782
2010-10-11,43.4,43.69,43.12,43.21,912381
2010-10-12,43.16,43.67,42.56,43.49,1004197
2010-10-13,43.69,44.3,43.69,43.95,1177805
2010-10-14,43.4,43.88,42.89,43.19,1837105
2010-10-15,43.68,43.68,42.66,43.19,1421539
2010-10-18,43.22,43.43,43.01,43.28,866074
2010-10-19,42.79,43.32,42.36,42.66,1508156
2010-10-20,42.81,43.88,42.63,43.37,1115184
2010-10-21,43.63,44.33,43.17,43.4,999561
2010-10-22,43.59,43.9,43.27,43.73,681946
2010-10-25,44.08,45.18,43.97,44.28,2020247
2010-10-26,44.13,44.68,43.85,44.59,1032854
2010-10-27,44.21,44.99,43.84,44.96,1989358
2010-10-28,45.28,45.42,44.63,44.97,1410533
2010-10-29,44.7,44.74,44.19,44.67,1731664
2010-11-01,44.92,45.18,44.12,44.4,1127128
2010-11-02,44.98,45.17,44.4,44.49,1772098
2010-11-03,42.79,43.09,42.15,42.6,4408657
2010-11-04,42.99,43.13,41.69,41.95,2625891
2010-11-05,41.99,42.15,41.07,41.11,2485058
2010-11-08,41.15,41.5,40.73,40.97,2069916
2010-11-09,41.02,41.18,40.4,40.53,2236252
2010-11-10,40.57,41.34,40.17,41.16,2804792
2010-11-11,40.92,40.99,40.29,40.6,2629032
2010-11-12,40.51,40.82,40.22,40.4,1705310
2010-11-15,40.6,40.63,40.01,40.23,2152712
2010-11-16,40.0,40.33,39.62,40.27,2449127
2010-11-17,40.69,41.66,40.47,41.66,4659312
2010-11-18,42.17,42.73,42.0,42.39,2389631
2010-11-19,42.42,42.62,41.98,42.34,1336456
2010-11-22,42.2,42.27,41.68,42.09,1509573
2010-11-23,41.71,41.71,40.93,41.2,1494374
2010-11-24,41.43,42.26,41.43,42.09,1046338
2010-11-26,41.74,42.32,41.59,42.13,661729
2010-11-29,41.72,41.72,40.8,41.44,2005299
2010-11-30,40.96,41.48,40.74,40.78,3758241
2010-12-01,41.38,41.55,40.61,41.34,2455614
2010-12-02,41.24,42.32,41.24,42.12,1364959
2010-12-03,42.03,42.98,41.86,42.92,1444512
2010-12-06,42.75,43.08,42.53,42.89,1500277
2010-12-07,43.23,43.54,42.98,43.11,2767112
2010-12-08,43.16,43.38,42.5,42.69,1187874
2010-12-09,42.88,42.89,42.14,42.43,1328001
2010-12-10,42.57,42.59,42.1,42.48,1496376
2010-12-13,42.72,42.97,41.92,42.02,1575856
2010-12-14,42.12,42.24,41.89,42.08,736001
2010-12-15,42.04,42.54,41.76,41.81,1150202
2010-12-16,41.81,42.22,41.28,42.18,1093218
2010-12-17,42.16,42.52,41.68,42.47,2341428
2010-12-20,42.88,42.88,42.09,42.42,902240
2010-12-21,42.65,42.79,42.39,42.71,885990
2010-12-22,42.72,42.94,42.54,42.78,1373790
2010-12-23,42.77,42.97,42.02,42.15,1245631
2010-12-27,42.13,42.13,41.64,41.87,790611
2010-12-28,42.02,42.17,41.4,41.8,741063
2010-12-29,41.8,42.36,41.6,42.2,772946
2010-12-30,42.14,42.14,41.49,41.8,1345245
2010-12-31,41.68,42.22,41.46,41.7,1029088
2011-01-03,42.0,42.25,41.71,42.01,1357867
2011-01-04,42.08,42.09,41.32,41.43,1380702
2011-01-05,41.29,41.48,40.34,40.55,3167602
2011-01-06,40.47,40.48,40.03,40.31,2772702
2011-01-07,40.31,40.4,39.7,40.32,2633003
2011-01-10,39.69,40.12,39.47,39.82,2127866
2011-01-11,40.04,40.2,39.78,39.95,1543520
2011-01-12,40.11,40.11,39.39,39.66,2557476
2011-01-13,39.68,39.7,38.75,38.83,3052260
2011-01-14,38.8,38.81,37.7,38.56,3877604
2011-01-18,38.76,39.53,38.42,39.48,2702556
2011-01-19,39.5,39.96,39.3,39.49,3262210
2011-01-20,40.12,40.18,39.59,39.78,2449252
2011-01-21,40.07,40.53,39.82,40.04,2195168
2011-01-24,40.02,40.37,39.4,40.08,1761986
2011-01-25,40.0,40.13,38.97,39.47,1586702
2011-01-26,39.5,39.54,39.18,39.38,1623754
2011-01-27,39.34,39.96,39.28,39.32,1034623
2011-01-28,39.27,39.6,38.59,38.66,1744594
2011-01-31,38.66,39.2,38.57,39.0,1268925
2011-02-01,38.02,39.06,37.62,39.0,2431973
2011-02-02,38.83,40.01,38.82,39.7,1473162
2011-02-03,39.93,41.17,39.82,41.14,2126382
2011-02-04,41.18,41.69,40.71,41.69,1603884
2011-02-07,41.83,42.38,41.55,42.27,2628972
2011-02-08,42.38,43.06,42.04,42.55,1748194
2011-02-09,42.39,43.39,42.29,42.88,1299682
2011-02-10,42.59,43.25,42.17,43.25,1969215
2011-02-11,42.08,43.85,41.62,43.75,3378106
2011-02-14,43.83,44.0,42.95,43.43,1525874
2011-02-15,43.2,43.88,43.05,43.73,1156911
2011-02-16,43.82,44.32,43.82,44.17,870923
2011-02-17,44.0,44.02,43.18,43.31,1525899
2011-02-18,43.38,43.93,43.16,43.91,1550467
2011-02-22,43.52,43.53,42.53,42.9,1181716
2011-02-23,42.88,42.89,41.71,42.28,1814686
2011-02-24,42.36,42.81,42.06,42.62,1079672
2011-02-25,42.85,43.25,42.73,42.91,939003
2011-02-28,42.91,43.14,42.58,43.11,1523803
2011-03-01,43.18,43.18,41.84,41.91,1477812
2011-03-02,41.86,42.49,41.77,42.24,1419025
2011-03-03,42.58,42.85,42.3,42.75,1298678
2011-03-04,42.64,42.74,41.63,41.94,1817517
2011-03-07,41.92,42.05,41.09,41.47,1447011
2011-03-08,41.58,41.74,41.0,41.48,1456641
2011-03-09,41.46,41.65,40.88,41.25,1154631
2011-03-10,40.72,40.86,40.16,40.51,1203224
2011-03-11,40.53,41.25,40.47,40.93,1302002
2011-03-14,40.73,40.74,39.78,40.17,1398193
2011-03-15,39.41,40.01,39.3,39.73,1902632
2011-03-16,39.54,39.65,38.56,38.76,1979432
2011-03-17,39.28,39.45,38.58,38.82,1847535
2011-03-18,39.39,39.49,38.97,39.24,1947031
2011-03-21,39.65,40.27,39.47,39.96,1403391
2011-03-22,39.95,40.04,39.34,39.57,845105
2011-03-23,39.4,39.69,38.6,39.58,1298166
2011-03-24,39.81,39.99,39.54,39.56,903821
2011-03-25,39.68,39.79,39.26,39.34,1881960
2011-03-28,39.34,39.46,38.8,39.0,1285934
2011-03-29,38.94,39.0,38.48,38.6,2584013
2011-03-30,38.81,40.04,38.75,40.0,2305453
2011-03-31,39.8,40.16,39.8,39.9,1679744
2011-04-01,40.08,40.82,40.04,40.41,1365997
2011-04-04,40.54,40.66,40.41,40.48,1060283
2011-04-05,40.35,40.7,40.1,40.42,1385311
2011-04-06,40.5,40.64,40.28,40.33,1564017
2011-04-07,40.22,40.44,39.95,40.26,1861343
2011-04-08,40.3,40.4,39.92,40.07,1075262
2011-04-11,40.13,40.22,39.86,40.22,862067
2011-04-12,39.88,40.22,39.81,40.01,1140523
2011-04-13,40.21,40.43,40.1,40.27,1427702
2011-04-14,39.99,40.28,39.89,40.11,1134815
2011-04-15,40.2,40.5,39.9,40.06,1651148
2011-04-18,39.57,40.04,39.5,40.0,1719608
2011-04-19,40.27,40.57,39.96,40.53,1607729
2011-04-20,40.97,41.39,40.89,41.36,1587852
2011-04-21,41.43,41.44,41.03,41.37,974477
2011-04-25,41.51,41.82,41.33,41.76,1324984
2011-04-26,41.79,41.92,41.3,41.46,1380905
2011-04-27,41.48,42.44,41.4,42.39,2014668
2011-04-28,42.32,43.99,42.32,43.14,2882672
2011-04-29,43.57,44.52,43.43,44.26,2505767
2011-05-02,44.14,45.18,44.14,44.65,1956673
2011-05-03,44.51,44.92,44.47,44.6,1853723
2011-05-04,44.81,45.07,43.88,44.2,1993291
2011-05-05,44.03,44.6,43.61,44.15,1662005
2011-05-06,44.74,45.2,44.43,44.66,1366326
2011-05-09,44.75,44.81,44.2,44.24,1382343
2011-05-10,44.35,44.91,44.35,44.71,1510895
2011-05-11,44.67,44.67,43.73,43.88,1415142
2011-05-12,43.83,45.0,43.77,44.92,1689375
2011-05-13,44.84,44.88,44.18,44.27,1306219
2011-05-16,44.2,44.55,43.58,43.62,1565025
2011-05-17,43.52,44.07,43.27,43.84,973094
2011-05-18,43.88,45.24,43.75,45.19,1454825
2011-05-19,45.34,45.81,45.21,45.35,1633419
2011-05-20,45.34,45.39,44.53,44.73,1153300
2011-05-23,44.14,44.59,44.04,44.24,802493
2011-05-24,44.45,44.48,43.62,43.64,1192819
2011-05-25,43.44,43.58,43.14,43.33,1912529
2011-05-26,43.13,43.6,42.87,43.39,1877072
2011-05-27,43.59,43.84,43.46,43.71,1039042
2011-05-31,43.99,44.05,43.11,43.56,1830726
2011-06-01,43.35,43.74,42.65,42.71,1833076
2011-06-02,42.67,43.2,42.45,42.6,1448801
2011-06-03,42.08,42.51,41.92,41.96,1240793
2011-06-06,41.73,41.96,41.0,41.06,1598499
2011-06-07,41.27,41.65,41.07,41.38,1346262
2011-06-08,41.24,41.3,40.54,40.65,1259127
2011-06-09,40.82,41.14,40.62,40.96,1511967
2011-06-10,40.75,40.85,39.92,39.97,1712586
2011-06-13,40.24,40.52,39.94,39.99,1873366
2011-06-14,40.49,40.56,40.24,40.48,1816542
2011-06-15,40.08,40.64,39.74,39.78,2332110
2011-06-16,39.82,40.23,39.54,40.21,2953904
2011-06-17,40.61,40.91,40.38,40.41,1970175
2011-06-20,40.17,40.98,40.17,40.92,1667202
2011-06-21,41.06,42.12,41.06,42.04,2310847
2011-06-22,41.78,42.05,41.57,41.69,1202424
2011-06-23,39.71,40.71,39.71,40.64,2171391
2011-06-24,40.62,40.64,39.98,40.22,3410790
2011-06-27,40.24,40.52,39.92,40.36,1278167
2011-06-28,40.52,40.9,40.4,40.87,912834
2011-06-29,40.99,41.34,40.69,40.69,1861393
2011-06-30,41.04,41.51,40.95,40.96,2373484
2011-07-01,40.98,41.89,40.88,41.67,1223085
2011-07-05,41.7,42.33,41.47,42.07,1361674
2011-07-06,41.94,42.0,41.53,41.61,1397275
2011-07-07,42.08,42.52,41.86,42.5,2508526
2011-07-08,41.91,42.28,41.71,41.93,1549181
2011-07-11,41.42,41.94,41.33,41.58,1831165
2011-07-12,41.51,42.26,41.49,41.88,1657153
2011-07-13,42.0,42.29,41.69,41.82,1483276
2011-07-14,42.18,42.18,41.38,41.59,1635371
2011-07-15,41.7,41.87,41.24,41.6,1861465
2011-07-18,41.33,41.47,40.43,40.59,1375431
2011-07-19,40.87,41.15,40.75,40.97,1218451
2011-07-20,40.88,41.09,40.0,40.21,2646355
2011-07-21,40.57,40.99,40.48,40.76,2190489
2011-07-22,40.85,41.14,40.55,41.04,1803847
2011-07-25,40.55,40.6,39.99,40.05,2486006
2011-07-26,39.98,40.16,39.83,39.91,2464942
2011-07-27,39.82,40.12,39.5,39.92,3030177
2011-07-28,39.98,40.78,39.82,40.26,1994144
2011-07-29,39.81,40.24,39.69,39.8,1833089
2011-08-01,39.96,40.14,38.69,39.22,3572098
2011-08-02,38.92,38.42,36.67,37.42,4872583
2011-08-03,37.42,38.58,36.67,38.2,6152734
2011-08-04,38.26,38.89,36.72,36.76,5032910
2011-08-05,37.29,37.5,35.95,37.24,4819369
2011-08-08,36.71,36.73,34.75,34.75,5972046
2011-08-09,35.45,37.25,35.27,37.2,5117005
2011-08-10,36.36,37.45,35.87,36.16,4494910
2011-08-11,36.4,38.64,36.4,38.18,3936631
2011-08-12,38.57,39.34,38.31,39.03,3139122
2011-08-15,39.25,39.55,38.84,39.5,1469349
2011-08-16,39.03,39.77,38.76,39.42,1973080
2011-08-17,39.56,40.0,38.75,39.16,1246964
2011-08-18,38.17,38.17,35.97,36.47,3723981
2011-08-19,35.81,37.16,35.81,36.32,2626689
2011-08-22,37.02,37.19,36.12,36.28,2081442
2011-08-23,36.41,37.74,36.17,37.74,1749936
2011-08-24,37.53,38.73,37.32,38.68,1936687
2011-08-25,38.82,39.17,38.12,38.19,1532339
2011-08-26,37.87,39.57,37.65,39.52,2066101
2011-08-29,39.91,40.65,39.76,40.62,1354081
2011-08-30,40.64,41.98,40.5,41.59,1717772
2011-08-31,41.8,42.46,41.67,42.28,1952985
2011-09-01,42.19,42.45,41.36,41.37,2042685
2011-09-02,40.66,41.11,40.33,40.34,1709426
2011-09-06,38.95,39.99,38.67,39.77,2233692
2011-09-07,40.0,40.44,39.71,40.38,1778673
2011-09-08,40.18,40.49,39.44,39.48,1915926
2011-09-09,39.05,39.37,38.03,38.31,2377767
2011-09-12,37.76,38.37,36.94,37.78,2277437
2011-09-13,37.87,38.57,37.62,38.41,1443004
2011-09-14,38.68,39.71,38.18,39.22,1381351
2011-09-15,39.65,40.15,39.05,40.13,1658614
2011-09-16,40.44,40.89,39.71,40.16,2244358
2011-09-19,39.57,39.78,38.9,39.62,1667927
2011-09-20,39.86,40.31,39.59,39.74,1329719
2011-09-21,39.99,41.15,39.69,39.93,2937240
2011-09-22,38.95,39.37,37.96,38.74,3332072
2011-09-23,38.7,40.28,38.45,39.9,2088707
2011-09-26,40.34,41.71,40.0,41.66,2657464
2011-09-27,42.45,42.77,41.53,41.78,2050214
2011-09-28,41.91,41.91,39.66,39.76,2575308
2011-09-29,40.43,40.53,37.99,38.54,2720052
2011-09-30,38.12,38.36,37.48,37.62,2230930
2011-10-03,37.5,37.7,36.68,36.73,2500769
2011-10-04,36.27,37.81,35.65,37.75,2086019
2011-10-05,37.88,38.13,37.12,37.95,1760488
2011-10-06,37.98,38.61,37.54,38.6,827237
2011-10-07,38.81,38.81,37.7,38.09,1658137
2011-10-10,38.71,39.27,38.56,39.13,1281613
2011-10-11,39.08,40.39,38.84,40.07,2063532
2011-10-12,40.48,40.92,40.2,40.63,1443861
2011-10-13,40.29,40.76,40.02,40.6,967298
2011-10-14,41.14,41.78,40.96,41.76,1184399
2011-10-17,41.64,41.81,40.72,40.83,1009017
2011-10-18,40.83,41.88,40.32,41.57,985869
2011-10-19,41.57,41.78,40.93,41.07,855548
2011-10-20,41.14,41.34,40.72,41.06,1542668
2011-10-21,41.55,42.65,41.55,42.58,1751789
2011-10-24,42.7,43.29,42.5,43.01,1125943
2011-10-25,42.62,42.97,42.05,42.15,875706
2011-10-26,42.02,42.27,41.78,42.05,1745382
2011-10-27,43.2,43.31,42.72,43.07,1795367
2011-10-28,43.01,43.09,42.44,42.83,1285041
2011-10-31,42.57,43.87,42.41,43.46,2619439
2011-11-01,42.08,43.63,41.66,42.27,3359573
2011-11-02,43.46,44.1,42.78,44.02,4046580
2011-11-03,44.28,44.56,43.56,44.42,1716292
2011-11-04,44.01,44.24,43.55,44.02,1277540
2011-11-07,44.02,44.27,43.55,44.19,974935
2011-11-08,44.42,45.14,43.83,45.06,1290811
2011-11-09,43.55,43.86,41.69,42.0,2589013
2011-11-10,42.71,42.71,41.3,42.07,2521959
2011-11-11,42.47,43.42,42.3,43.39,1406731
2011-11-14,43.3,43.38,42.69,42.89,1231213
2011-11-15,42.66,42.81,41.75,42.01,2216621
2011-11-16,41.52,42.35,41.27,41.45,1414778
2011-11-17,41.33,41.44,40.54,40.72,1396256
2011-11-18,40.95,41.01,40.41,40.62,1102007
2011-11-21,40.17,40.32,39.47,40.09,1386027
2011-11-22,40.17,40.81,40.02,40.58,1378275
2011-11-23,39.89,40.03,39.01,39.04,1743853
2011-11-25,38.97,39.63,38.86,39.22,440184
2011-11-28,40.19,40.67,39.87,40.23,1263170
2011-11-29,40.32,40.78,40.0,40.25,1414366
2011-11-30,41.31,42.02,41.12,41.98,1748286
2011-12-01,41.94,41.98,41.08,41.18,1393295
2011-12-02,41.5,41.83,41.3,41.49,1490531
2011-12-05,42.19,42.24,41.17,41.64,1376394
2011-12-06,41.69,41.96,41.57,41.84,1089098
2011-12-07,41.69,42.06,41.0,41.79,1247076
2011-12-08,41.45,41.56,40.92,41.05,3144475
2011-12-09,41.25,42.04,41.16,41.91,1351333
2011-12-12,41.7,41.72,40.83,41.51,1826406
2011-12-13,41.62,42.09,41.07,41.22,1472422
2011-12-14,41.37,41.48,40.15,40.18,1626568
2011-12-15,40.53,40.95,40.13,40.2,1375774
2011-12-16,40.52,40.6,39.69,40.17,3664879
2011-12-19,40.13,40.71,39.33,39.4,1198719
2011-12-20,40.06,40.89,39.83,40.54,1206204
2011-12-21,40.76,40.84,40.13,40.33,1091398
2011-12-22,40.47,40.6,40.05,40.36,1169156
2011-12-23,40.47,40.59,40.34,40.52,1104601
2011-12-27,40.41,40.71,40.0,40.43,1003767
2011-12-28,40.52,40.93,40.33,40.66,1053878
2011-12-29,40.74,41.05,40.64,41.0,1611471
2011-12-30,41.08,41.3,40.97,40.97,945041
2012-01-03,41.97,42.13,40.81,40.87,1599729
2012-01-04,40.86,41.07,40.62,40.98,1330817
2012-01-05,40.68,41.07,40.24,41.04,1441955
2012-01-06,40.89,41.27,40.74,41.12,551889
2012-01-09,41.21,41.64,41.15,41.56,1138586
2012-01-10,41.97,42.47,41.84,42.35,1272333
2012-01-11,42.14,43.14,40.84,42.97,1782099
2012-01-12,43.06,43.57,42.79,43.53,1358610
2012-01-13,43.23,43.67,43.14,43.34,947653
2012-01-17,44.0,44.22,43.6,43.7,809657
2012-01-18,43.63,44.01,43.32,43.99,741508
2012-01-19,43.99,44.82,43.79,44.71,1058470
2012-01-20,44.75,44.75,43.71,43.8,1748336
2012-01-23,43.76,44.23,43.38,43.68,1226309
2012-01-24,43.45,43.9,43.36,43.7,760146
2012-01-25,43.68,44.63,43.62,44.48,867888
2012-01-26,44.7,44.78,44.15,44.34,1014825
2012-01-27,44.18,44.21,43.59,43.67,768654
2012-01-30,43.35,43.42,42.71,43.02,1388467
2012-01-31,43.31,43.41,42.8,42.88,1414285
2012-02-01,43.34,43.68,43.06,43.46,1193001
2012-02-02,43.36,43.8,42.85,43.7,2387643
2012-02-03,44.06,44.74,44.02,44.66,1981552
2012-02-06,44.38,44.88,44.3,44.63,884301
2012-02-07,44.47,45.42,44.35,45.28,1430647
2012-02-08,45.2,45.77,44.99,45.35,1089253
2012-02-09,45.42,45.44,44.86,45.02,1228799
2012-02-10,44.72,44.95,44.54,44.79,1094684
2012-02-13,45.27,45.32,44.94,45.16,920017
2012-02-14,45.07,45.28,44.79,45.2,747440
2012-02-15,45.41,45.79,45.27,45.75,2097959
2012-02-16,46.46,46.6,44.44,44.94,2205821
2012-02-17,45.08,45.49,42.79,45.22,2201807
2012-02-21,45.32,45.35,44.43,44.61,1086570
2012-02-22,44.48,44.71,44.02,44.25,1175205
2012-02-23,44.15,44.34,43.99,44.16,1437569
2012-02-24,44.43,44.58,44.05,44.53,1159860
2012-02-27,44.04,44.88,44.04,44.56,1065919
2012-02-28,44.84,45.77,44.64,45.73,1899816
2012-02-29,45.51,46.89,45.44,46.65,2056451
2012-03-01,46.61,46.83,46.03,46.52,1567945
2012-03-02,46.56,47.67,46.41,47.36,2380889
2012-03-05,47.17,47.75,47.03,47.52,1562913
2012-03-06,47.11,47.34,46.3,46.57,1611242
2012-03-07,46.62,46.8,46.23,46.55,1199208
2012-03-08,46.66,47.3,46.66,47.08,889936
2012-03-09,47.25,47.4,47.01,47.18,876466
2012-03-12,46.77,47.0,46.21,46.71,2050731
2012-03-13,46.92,48.3,46.74,48.15,1896374
2012-03-14,47.98,48.5,47.74,47.91,1663161
2012-03-15,47.96,48.14,47.36,47.87,955888
2012-03-16,47.64,48.07,47.06,47.93,2125625
2012-03-19,47.78,48.23,47.73,48.09,690376
2012-03-20,47.79,47.89,47.15,47.42,943371
2012-03-21,47.57,48.44,47.51,48.33,1190182
2012-03-22,48.1,48.33,47.77,48.18,950413
2012-03-23,48.15,48.47,47.64,48.4,853314
2012-03-26,48.7,48.93,48.53,48.81,1005990
2012-03-27,48.93,49.54,48.75,49.5,1869265
2012-03-28,49.39,49.6,49.17,49.37,2371564
2012-03-29,49.23,49.45,48.77,49.41,1437369
2012-03-30,50.23,50.88,49.75,50.6,2011018
2012-04-02,50.48,51.11,50.43,50.99,1535770
2012-04-03,50.89,51.31,50.66,51.08,1327903
2012-04-04,50.32,51.06,49.81,50.93,1680711
2012-04-05,50.95,51.87,50.69,51.74,1483287
2012-04-09,50.58,51.05,50.5,50.82,2037465
2012-04-10,50.75,50.96,49.62,49.74,1354950
2012-04-11,50.36,50.98,50.36,50.71,1218648
2012-04-12,50.91,51.43,50.69,51.29,1591868
2012-04-13,51.35,52.07,51.2,51.7,1528379
2012-04-16,52.03,52.04,51.51,51.89,1679089
2012-04-17,52.24,52.5,51.89,52.41,1499494
2012-04-18,52.11,52.44,51.95,52.16,970684
2012-04-19,52.26,52.47,51.74,51.89,1349963
2012-04-20,52.01,52.57,51.75,52.46,2114885
2012-04-23,52.0,52.03,51.19,51.54,1190238
2012-04-24,51.66,52.03,51.3,51.49,1213204
2012-04-25,51.92,52.23,51.67,52.21,1427263
2012-04-26,52.0,53.47,52.0,53.37,1239889
2012-04-27,53.77,55.0,53.54,54.89,1330265
2012-04-30,54.94,54.99,54.12,54.43,1583604
2012-05-01,54.61,55.2,54.01,54.12,1932772
2012-05-02,53.97,54.24,53.89,54.17,2120797
2012-05-03,54.24,55.35,54.11,55.13,3027337
2012-05-04,55.02,55.1,53.43,53.44,2566182
2012-05-07,53.44,54.32,53.13,54.08,2574917
2012-05-08,53.22,53.58,50.2,50.8,4494366
2012-05-09,50.4,50.83,49.02,50.47,2890979
2012-05-10,50.94,51.2,50.3,50.78,1487336
2012-05-11,50.54,51.47,50.41,51.39,1723714
2012-05-14,50.85,51.52,50.58,50.61,1771817
2012-05-15,50.55,51.71,50.55,50.83,1085804
2012-05-16,51.05,51.61,50.97,51.19,1390003
2012-05-17,51.2,51.31,49.08,49.08,1307677
2012-05-18,49.19,49.49,48.26,48.37,1358963
2012-05-21,48.52,49.92,48.24,49.88,1092580
2012-05-22,49.89,50.33,49.26,49.52,1888251
2012-05-23,49.34,49.94,48.52,49.78,1344546
2012-05-24,50.0,50.64,49.83,50.32,1149828
2012-05-25,50.43,50.68,50.11,50.56,682277
2012-05-29,50.8,51.2,50.47,51.06,690559
2012-05-30,50.62,50.7,50.09,50.21,995485
2012-05-31,50.3,50.5,49.6,50.1,1432993
2012-06-01,49.71,49.93,48.56,48.64,1408139
2012-06-04,48.82,49.11,48.26,48.5,1228761
2012-06-05,48.49,49.14,48.0,49.02,1053658
2012-06-06,49.26,50.34,49.12,50.3,896050
2012-06-07,50.87,51.0,50.37,50.52,1185561
2012-06-08,50.32,51.14,50.13,51.02,1186906
2012-06-11,51.57,52.0,51.32,51.39,1473110
2012-06-12,51.51,52.13,51.34,52.13,1180504
2012-06-13,51.84,52.0,50.09,50.32,1484445
2012-06-14,50.49,50.75,49.65,50.06,1917920
2012-06-15,50.43,50.78,50.07,50.62,2408590
2012-06-18,50.3,51.29,50.21,51.19,1438172
2012-06-19,51.59,52.06,51.36,51.84,1261805
2012-06-20,51.69,52.73,51.61,52.52,1195702
2012-06-21,52.63,53.12,52.07,52.48,1845812
2012-06-22,52.61,53.25,52.59,53.0,3848425
2012-06-25,52.45,52.66,51.82,52.44,1215902
2012-06-26,52.81,53.6,52.58,52.84,2005729
2012-06-27,53.06,53.98,52.94,53.45,1638158
2012-06-28,53.22,53.33,52.16,53.1,1276363
2012-06-29,53.99,54.3,53.63,54.0,1752173
2012-07-02,54.19,54.91,54.02,54.86,1033114
2012-07-03,54.93,55.11,54.35,54.55,638897
2012-07-05,54.52,54.68,53.54,53.76,1448197
2012-07-06,53.34,53.87,52.47,52.81,1366979
2012-07-09,52.66,52.79,51.09,51.46,1946478
2012-07-10,51.89,51.98,49.99,50.25,1996618
2012-07-11,50.29,50.51,49.45,50.02,1797864
2012-07-12,49.77,50.4,48.59,50.24,2566711
2012-07-13,49.35,50.5,49.35,50.39,1452117
2012-07-16,50.13,50.36,49.33,49.39,1561958
2012-07-17,49.59,50.87,49.44,50.64,1623266
2012-07-18,50.61,50.74,50.24,50.5,1293814
2012-07-19,50.53,51.62,50.53,51.04,1045540
2012-07-20,50.98,50.98,49.98,50.12,1313561
2012-07-23,49.5,49.54,48.81,49.26,976429
2012-07-24,49.22,49.6,48.7,49.1,1254061
2012-07-25,49.11,49.87,49.1,49.39,1259751
2012-07-26,50.31,50.72,49.78,50.5,1023873
2012-07-27,50.9,52.18,50.81,52.02,1375758
2012-07-30,51.84,51.99,50.61,50.93,2001110
2012-07-31,49.9,51.53,48.88,50.63,3345101
2012-08-01,49.75,50.43,48.95,49.3,2652169
2012-08-02,48.94,50.28,48.75,50.25,1813031
2012-08-03,51.16,52.47,50.8,52.31,1445156
2012-08-06,52.36,53.42,51.91,53.09,1267135
2012-08-07,53.13,54.32,53.13,53.87,1517626
2012-08-08,53.56,54.02,53.4,53.97,996282
2012-08-09,53.89,54.56,53.6,53.91,1422887
2012-08-10,53.82,54.6,53.82,54.58,1082955
2012-08-13,54.38,54.5,53.88,54.12,1049004
2012-08-14,54.35,54.44,52.98,53.13,1585480
2012-08-15,52.98,53.7,52.98,53.2,970460
2012-08-16,53.04,53.31,52.91,53.03,1217939
2012-08-17,53.09,53.17,52.32,52.74,1578511
2012-08-20,52.86,52.97,52.17,52.4,1110456
2012-08-21,52.62,52.85,52.4,52.76,1618321
2012-08-22,52.72,53.12,52.59,52.83,756626
2012-08-23,52.75,52.75,52.25,52.53,783337
2012-08-24,52.35,53.61,52.12,53.33,1354657
2012-08-27,53.41,53.96,53.34,53.68,1146227
2012-08-28,53.43,53.92,53.37,53.55,815778
2012-08-29,53.73,53.9,53.5,53.86,825760
2012-08-30,53.45,54.73,53.45,54.18,1981643
2012-08-31,54.42,55.11,54.35,54.84,1393301
2012-09-04,54.56,55.59,54.56,55.28,1309425
2012-09-05,55.21,55.57,54.97,55.25,1976325
2012-09-06,55.7,56.39,55.55,56.19,1549853
2012-09-07,56.41,56.5,55.98,56.42,825045
2012-09-10,56.54,56.56,56.2,56.23,966403
2012-09-11,56.4,56.42,55.94,56.02,1001916
2012-09-12,56.21,56.68,56.14,56.65,929099
2012-09-13,56.53,58.44,56.53,58.15,1918336
2012-09-14,58.15,59.0,58.01,58.75,1471944
2012-09-17,58.82,59.0,58.14,58.58,823725
2012-09-18,58.68,58.8,58.33,58.51,830986
2012-09-19,58.34,59.76,58.26,59.44,993345
2012-09-20,59.31,59.68,58.97,59.58,1018798
2012-09-21,59.96,60.48,59.75,59.9,2193231
2012-09-24,59.52,59.88,59.23,59.24,1197552
2012-09-25,59.59,59.73,58.4,58.45,1532200
2012-09-26,58.72,58.95,57.91,58.28,1510261
2012-09-27,58.66,59.64,58.28,59.49,1764801
2012-09-28,59.18,59.82,59.01,59.6,1681888
2012-10-01,60.19,60.45,59.78,59.95,1565018
2012-10-02,60.35,60.47,59.48,59.82,908843
2012-10-03,59.94,60.39,59.92,60.18,782300
2012-10-04,60.5,61.07,60.38,61.06,840889
2012-10-05,61.5,61.56,61.03,61.25,790069
2012-10-08,60.64,61.31,60.28,60.66,762926
2012-10-09,60.72,60.73,59.57,59.69,1018693
2012-10-10,59.93,60.07,59.51,59.91,637950
2012-10-11,60.05,61.11,59.84,60.47,1204317
2012-10-12,60.84,61.05,60.43,60.74,883400
2012-10-15,60.76,61.57,60.62,61.53,760548
2012-10-16,61.99,62.36,61.59,61.87,956074
2012-10-17,62.29,62.33,61.21,61.24,909946
2012-10-18,61.25,61.89,60.81,61.77,929562
2012-10-19,61.57,61.88,60.14,60.44,984827
2012-10-22,60.39,60.98,60.29,60.75,554313
2012-10-23,60.26,60.28,59.42,59.5,1621321
2012-10-24,59.65,59.72,58.94,59.05,881619
2012-10-25,59.56,59.92,58.56,58.76,800283
2012-10-26,58.5,58.93,57.93,58.19,1057933
2012-10-31,58.79,59.11,58.19,59.02,1127205
2012-11-01,59.6,61.33,59.31,61.26,2001128
2012-11-02,61.41,61.61,59.84,59.88,1535771
2012-11-05,59.89,60.25,58.84,59.45,1442688
2012-11-06,58.22,58.24,56.25,57.46,4714975
2012-11-07,57.1,57.24,56.0,56.79,2280291
2012-11-08,56.66,56.94,55.51,55.61,2106814
2012-11-09,55.42,56.97,55.33,56.45,1742303
2012-11-12,56.51,56.65,55.72,56.07,1140854
2012-11-13,55.86,57.36,55.75,56.77,998480
2012-11-14,56.84,57.06,55.1,55.21,1197902
2012-11-15,55.29,55.8,55.12,55.28,1198506
2012-11-16,55.25,55.75,54.89,55.18,1598260
2012-11-19,55.83,56.9,55.42,56.87,1445950
2012-11-20,56.74,57.72,56.59,57.51,1164799
2012-11-21,57.51,57.82,57.01,57.38,756174
2012-11-23,57.61,58.23,57.42,58.2,451547
2012-11-26,57.83,58.2,57.4,57.88,1081510
2012-11-27,57.74,58.43,57.63,57.7,915149
2012-11-28,57.53,59.05,57.16,58.97,1063913
2012-11-29,59.02,59.74,58.94,59.56,1228129
2012-11-30,59.82,60.78,59.55,60.41,1852230
2012-12-03,60.5,60.8,59.9,59.95,1131033
2012-12-04,60.07,60.82,60.04,60.51,1619555
2012-12-05,60.52,63.2,59.86,61.74,2239356
2012-12-06,61.55,61.97,61.1,61.84,1150350
2012-12-07,62.02,62.39,60.85,61.09,1618992
2012-12-10,61.06,61.06,60.4,60.52,1453062
2012-12-11,60.69,61.55,60.59,61.51,1485504
2012-12-12,61.82,62.18,61.09,61.49,1070546
2012-12-13,61.45,61.73,60.19,60.26,1076812
2012-12-14,60.0,61.41,59.98,60.82,1606928
2012-12-17,61.25,62.44,61.05,62.21,2096553
2012-12-18,62.43,64.21,61.99,63.61,1691192
2012-12-19,63.49,63.5,62.76,62.81,1406033
2012-12-20,63.08,64.5,62.64,63.49,1860096
2012-12-21,63.19,63.51,62.0,63.15,7095971
2012-12-24,62.97,63.48,62.75,63.21,388166
2012-12-26,63.2,63.65,62.5,62.94,655828
2012-12-27,63.01,63.19,61.46,62.38,1233493
2012-12-28,62.05,62.47,61.76,61.89,767369
2012-12-31,62.0,63.64,61.79,63.48,1069129
2013-01-02,65.04,66.51,64.44,65.48,1572351
2013-01-03,65.59,65.81,65.06,65.53,1037322
2013-01-04,65.73,66.16,65.49,66.08,876768
2013-01-07,65.99,66.2,65.56,65.92,984103
2013-01-08,65.67,67.87,65.33,67.85,1815024
2013-01-09,67.71,68.44,67.19,67.76,1291834
2013-01-10,67.9,68.21,67.02,67.39,1072477
2013-01-11,67.69,68.33,67.34,68.16,1874095
2013-01-14,68.06,68.31,67.2,67.8,1102455
2013-01-15,67.5,67.78,66.9,67.09,1388812
2013-01-16,66.51,67.3,66.41,66.93,1558646
2013-01-17,67.0,67.6,66.57,67.35,1076814
2013-01-18,67.36,67.75,66.98,67.72,1088725
2013-01-22,67.84,68.0,67.31,67.77,633718
2013-01-23,67.52,68.19,67.52,68.18,832265
2013-01-24,68.31,69.24,68.11,68.28,887912
2013-01-25,68.37,69.08,68.22,69.0,907407
2013-01-28,69.33,69.33,68.59,68.82,1032279
2013-01-29,68.53,68.85,67.54,68.62,1146252
2013-01-30,68.85,69.15,68.3,68.84,791558
2013-01-31,68.74,69.64,68.24,69.38,1429580
2013-02-01,69.82,70.37,69.56,70.31,1054086
2013-02-04,70.04,70.23,69.19,69.51,1069784
2013-02-05,70.22,70.34,69.62,70.3,760981
2013-02-06,70.18,70.37,69.55,70.0,1783276
2013-02-07,69.48,70.68,69.33,70.62,1677336
2013-02-08,70.82,71.53,70.78,71.47,1396456
2013-02-11,71.45,72.1,70.61,70.95,1415126
2013-02-12,71.12,71.12,70.6,71.03,1224482
2013-02-13,71.34,72.04,70.87,71.52,1941043
2013-02-14,68.65,71.3,67.89,70.84,2480902
2013-02-15,71.16,71.29,69.61,70.3,1814682
2013-02-19,70.55,70.65,69.87,70.63,936622
2013-02-20,70.76,71.16,69.61,69.67,996615
2013-02-21,69.63,69.81,68.58,68.71,1428583
2013-02-22,69.88,70.52,68.82,70.47,1233741
2013-02-25,70.93,71.04,69.9,69.9,1211617
2013-02-26,70.04,71.01,69.78,70.96,1598610
2013-02-27,70.93,73.4,70.85,73.31,1509508
2013-02-28,73.21,73.69,73.04,73.34,1372676
2013-03-01,72.93,74.99,72.8,74.88,1670389
2013-03-04,74.86,75.68,74.55,75.59,1404061
2013-03-05,76.04,76.62,75.78,76.6,1609970
2013-03-06,76.74,77.29,74.96,75.35,2547672
2013-03-07,75.31,77.24,75.31,77.16,3291740
2013-03-08,77.4,78.41,77.27,77.9,1550052
2013-03-11,77.86,78.09,77.52,77.8,1372909
2013-03-12,77.8,78.08,77.17,77.91,1093532
2013-03-13,78.12,78.34,77.5,78.28,956788
2013-03-14,78.35,79.08,78.35,78.72,941632
2013-03-15,78.33,78.66,77.25,77.32,3420886
2013-03-18,76.61,77.67,75.67,77.41,1698318
2013-03-19,77.73,78.09,76.85,77.78,1490168
2013-03-20,78.43,79.42,78.39,78.96,1628412
2013-03-21,78.51,78.99,77.74,78.41,1362101
2013-03-22,77.27,79.15,77.27,79.13,1288441
2013-03-25,79.57,80.34,78.54,79.07,1485945
2013-03-26,79.22,79.58,78.59,79.53,1660509
2013-03-27,78.85,79.12,77.58,78.59,1467975
2013-03-28,78.54,79.36,78.47,78.74,1373538
2013-04-01,79.07,79.44,77.8,77.98,1812362
2013-04-02,78.6,79.15,78.25,78.69,1242205
2013-04-03,78.65,78.65,77.59,78.04,1251490
2013-04-04,78.15,78.15,76.94,77.68,1874071
2013-04-05,76.72,78.7,76.39,78.56,1086593
2013-04-08,78.67,79.14,78.11,78.88,1198292
2013-04-09,78.93,79.15,78.14,78.6,1125073
2013-04-10,79.03,80.51,78.76,80.44,1152950
2013-04-11,80.56,81.43,80.39,80.71,1202278
2013-04-12,80.55,81.12,80.19,81.03,750552
2013-04-15,80.42,80.72,78.83,78.83,1088492
2013-04-16,79.36,79.63,78.9,79.39,1326816
2013-04-17,78.9,79.19,77.82,78.31,1714698
2013-04-18,78.42,78.52,76.33,76.64,1849766
2013-04-19,76.98,77.96,76.26,77.85,2988504
2013-04-22,77.98,78.48,77.35,78.22,1210673
2013-04-23,78.65,79.08,77.79,78.98,1400263
2013-04-24,79.22,79.44,78.77,79.15,1213716
2013-04-25,79.34,80.0,78.66,79.89,1254481
2013-04-26,79.72,79.87,79.17,79.21,711723
2013-04-29,79.11,79.33,78.63,78.83,1247858
2013-04-30,79.14,79.77,78.73,78.82,1806923
2013-05-01,78.7,78.93,78.08,78.14,1238108
2013-05-02,78.35,79.94,78.18,79.49,1445282
2013-05-03,80.39,80.44,79.16,79.21,1174404
2013-05-06,79.0,79.39,78.53,79.02,1841852
2013-05-07,77.3,78.39,75.67,77.87,3164553
2013-05-08,78.0,78.19,76.48,76.94,1776996
2013-05-09,77.02,77.81,76.75,77.66,1503114
2013-05-10,77.86,78.72,77.54,78.68,1314688
2013-05-13,78.51,78.51,77.33,77.58,1205687
2013-05-14,77.63,78.62,77.63,78.32,1279049
2013-05-15,78.27,79.41,78.08,79.35,1402687
2013-05-16,78.99,79.67,78.57,78.79,1884190
2013-05-17,79.17,79.3,78.25,78.85,1326350
2013-05-20,78.78,80.0,78.28,78.84,1968459
2013-05-21,78.72,80.28,78.72,80.0,1257003
2013-05-22,79.74,80.11,78.74,79.15,1350980
2013-05-23,78.61,79.89,78.05,79.78,1247645
2013-05-24,79.04,79.7,78.75,79.53,769875
2013-05-28,80.04,80.97,80.02,80.8,988989
2013-05-29,80.17,80.47,78.89,79.3,1129469
2013-05-30,79.5,80.57,79.18,79.89,953708
2013-05-31,79.44,80.05,78.76,78.87,1494100
2013-06-03,78.8,79.1,78.11,79.01,1483065
2013-06-04,79.05,79.66,78.26,78.69,1191021
2013-06-05,78.77,78.77,75.23,75.88,2238420
2013-06-06,75.67,75.88,74.16,75.02,2330566
2013-06-07,75.45,76.48,74.97,76.39,1357848
2013-06-10,76.33,76.33,74.12,74.35,1497131
2013-06-11,73.3,74.25,72.77,73.87,2306969
2013-06-12,74.25,74.32,73.09,73.57,1759283
2013-06-13,73.81,76.17,73.2,76.06,1660662
2013-06-14,75.84,76.85,75.6,76.38,2265618
2013-06-17,77.3,77.44,76.52,77.05,1426146
2013-06-18,77.4,78.22,77.24,77.84,905445
2013-06-19,77.64,78.3,76.5,76.53,998777
2013-06-20,75.63,75.81,74.09,74.57,1505439
2013-06-21,75.16,75.62,74.2,75.42,1910596
2013-06-24,74.88,75.6,74.13,75.14,1053258
2013-06-25,75.74,75.87,74.78,75.46,1000382
2013-06-26,76.04,76.2,75.4,75.72,758120
2013-06-27,76.04,77.04,75.96,76.68,782509
2013-06-28,76.18,77.89,76.02,77.24,1272719
2013-07-01,77.6,78.47,77.54,77.79,710784
2013-07-02,77.62,78.71,77.37,78.51,826687
2013-07-03,77.77,80.92,77.77,80.62,1242267
2013-07-05,81.27,81.47,80.69,81.12,1063786
2013-07-08,81.2,82.09,80.98,82.02,1183608
2013-07-09,82.81,83.15,81.6,81.91,983459
2013-07-10,81.81,82.87,81.56,82.86,803223
2013-07-11,83.99,84.59,83.68,84.49,1218175
2013-07-12,82.96,85.09,82.61,85.07,1311960
2013-07-15,86.32,86.32,84.21,84.44,1150509
2013-07-16,84.76,85.36,84.22,84.33,867469
2013-07-17,85.35,85.61,84.12,84.68,631994
2013-07-18,84.85,85.71,84.68,85.49,848220
2013-07-19,85.94,85.94,83.8,84.31,1364223
2013-07-22,85.7,85.71,84.2,84.37,631603
2013-07-23,88.65,85.44,84.34,85.01,662252
2013-07-24,89.58,89.58,84.1,84.63,624176
2013-07-25,84.62,85.56,84.32,85.08,709576
2013-07-26,84.2,85.39,83.62,85.06,669547
2013-07-29,84.76,85.46,84.18,84.41,761170
2013-07-30,83.48,83.53,80.52,81.0,2124368
2013-07-31,81.73,81.73,79.1,79.72,1955641
2013-08-01,80.45,82.1,80.0,81.92,1471342
2013-08-02,81.16,82.25,81.1,82.19,1001028
2013-08-05,82.44,83.12,82.15,82.43,694789
2013-08-06,81.9,83.01,81.9,82.59,930601
2013-08-07,82.19,83.14,82.06,82.73,1046190
2013-08-08,83.05,83.49,82.53,82.93,838927
2013-08-09,82.54,83.35,82.54,83.13,581495
2013-08-12,82.33,83.33,82.25,82.84,590629
2013-08-13,83.0,83.65,82.57,83.49,601877
2013-08-14,83.24,83.36,82.62,82.84,984861
2013-08-15,82.26,82.37,80.25,80.35,1184690
2013-08-16,80.48,81.41,80.31,80.34,1080371
2013-08-19,80.23,81.05,80.0,80.22,516695
2013-08-20,80.2,80.82,79.96,80.02,655731
2013-08-21,79.41,80.42,79.17,79.43,762967
2013-08-22,79.46,80.76,79.15,80.3,667613
2013-08-23,80.44,80.76,79.68,80.56,839689
2013-08-26,84.71,84.71,80.41,80.49,811669
2013-08-27,79.58,79.91,78.25,78.28,739133
2013-08-28,78.51,78.91,77.53,78.19,692593
2013-08-29,77.78,78.77,77.54,78.03,589720
2013-08-30,78.1,78.52,76.98,77.51,833311
2013-09-03,78.73,79.29,76.89,77.34,1581480
2013-09-04,76.34,77.46,76.34,76.92,2618177
2013-09-05,76.73,77.98,76.68,77.59,972781
2013-09-06,77.67,78.4,76.6,77.55,1011606
2013-09-09,77.93,78.81,77.72,78.46,974030
2013-09-10,78.67,79.03,77.76,77.94,1002271
2013-09-11,77.76,78.56,77.76,78.29,1141797
2013-09-12,78.41,78.64,77.78,78.04,1104162
2013-09-13,78.2,78.24,77.38,77.83,1688856
2013-09-16,79.03,79.3,78.42,78.65,875937
2013-09-17,78.65,79.66,78.49,79.49,1053811
2013-09-18,79.21,80.67,78.45,80.44,882021
2013-09-19,80.75,82.14,80.56,81.76,1140306
2013-09-20,82.09,82.62,81.16,81.8,3746607
2013-09-23,81.4,81.75,80.4,80.58,915251
2013-09-24,80.54,80.7,79.7,80.35,941971
2013-09-25,80.34,81.33,80.15,80.97,1179167
2013-09-26,80.92,84.01,80.84,83.99,1761030
2013-09-27,83.43,85.73,83.04,84.84,1644453
2013-09-30,84.03,84.69,83.84,84.42,1332101
2013-10-01,84.05,84.37,82.74,83.23,1649032
2013-10-02,82.87,82.88,82.16,82.52,1087820
2013-10-03,82.16,82.62,80.96,81.24,1031850
2013-10-04,81.31,81.57,80.55,81.27,1042766
2013-10-07,80.4,80.78,79.68,79.77,1057279
2013-10-08,79.84,79.95,78.19,78.23,1188349
2013-10-09,78.37,78.64,77.27,77.93,1070172
2013-10-10,78.71,80.15,78.1,80.15,932528
2013-10-11,79.53,80.79,79.41,80.54,698217
2013-10-14,80.29,80.31,79.57,80.16,682380
2013-10-15,79.83,80.1,78.78,79.12,751489
2013-10-16,79.89,81.38,79.46,80.78,1250494
2013-10-17,80.56,81.43,80.3,81.37,803237
2013-10-18,81.79,82.51,81.35,82.47,658462
2013-10-21,82.46,82.82,82.12,82.81,708790
2013-10-22,83.18,85.34,82.84,85.01,1398388
2013-10-23,84.63,85.1,83.71,84.5,960859
2013-10-24,85.1,85.81,84.6,84.95,1287876
2013-10-25,85.89,85.89,84.69,85.66,1055205
2013-10-28,85.77,86.05,85.16,85.4,1256720
2013-10-29,85.46,85.97,84.82,85.4,1145783
2013-10-30,85.71,86.28,83.51,84.36,1670722
2013-10-31,85.83,89.1,84.97,88.86,2743906
2013-11-01,89.06,89.3,87.74,87.8,2073928
2013-11-04,87.89,88.18,85.95,87.07,1457634
2013-11-05,86.89,87.37,86.03,86.9,1293881
2013-11-06,86.9,87.72,85.47,85.65,1057396
2013-11-07,85.72,86.11,83.87,84.19,1699569
2013-11-08,84.39,85.65,83.73,85.36,1228956
2013-11-11,85.19,85.83,84.5,84.59,546351
2013-11-12,84.57,84.99,84.06,84.41,887645
2013-11-13,84.19,85.56,83.6,85.55,710574
2013-11-14,85.85,86.46,85.44,85.83,715467
2013-11-15,85.87,86.25,85.39,85.43,860663
2013-11-18,86.27,86.34,85.11,85.42,866261
2013-11-19,85.11,85.85,84.77,85.23,826956
2013-11-20,85.07,85.9,84.4,85.23,3081577
2013-11-21,85.54,85.6,84.84,85.24,1246767
2013-11-22,85.53,86.11,85.08,85.87,1482315
2013-11-25,86.46,86.49,85.36,85.7,705547
2013-11-26,85.53,87.12,85.24,86.56,1699053
2013-11-27,86.99,87.49,86.43,86.91,672439
2013-11-29,87.19,88.23,86.39,87.27,715217
2013-12-02,86.34,87.08,85.92,86.21,989195
2013-12-03,85.91,86.49,84.84,85.41,1233984
2013-12-04,84.78,85.37,83.66,84.18,1412738
2013-12-05,84.18,84.82,83.52,83.99,1097923
2013-12-06,85.09,85.15,84.16,85.06,1161565
2013-12-09,85.48,85.72,83.69,85.41,1716994
2013-12-10,85.28,86.23,84.75,85.17,891632
2013-12-11,86.02,86.87,84.29,84.53,1556521
2013-12-12,84.27,84.45,82.88,82.94,1024938
2013-12-13,83.37,83.55,81.69,82.45,931562
2013-12-16,83.23,84.53,82.82,84.04,1178600
2013-12-17,83.81,83.9,82.93,83.71,893648
2013-12-18,83.68,86.46,83.67,86.29,1437321
2013-12-19,86.52,86.7,85.6,86.32,1159514
2013-12-20,86.19,88.5,86.02,87.75,2636647
2013-12-23,87.98,88.75,87.96,88.42,972783
2013-12-24,88.22,89.15,88.15,88.87,392399
2013-12-26,88.91,89.12,87.97,88.69,925391
2013-12-27,89.0,89.26,88.56,88.95,582169
2013-12-30,89.0,90.55,88.84,90.46,742118
2013-12-31,90.76,90.76,89.6,90.42,818759
2014-01-02,90.21,90.25,88.6,89.1,893462
2014-01-03,89.1,89.76,88.47,88.58,813778
2014-01-06,88.96,89.0,87.18,87.47,1034213
2014-01-07,86.96,87.63,86.61,86.94,1170837
2014-01-08,87.0,87.65,84.23,84.61,2545175
2014-01-09,85.04,85.11,83.6,84.73,1283853
2014-01-10,85.01,85.18,83.62,84.02,1315988
2014-01-13,83.52,84.08,81.27,81.44,1415899
2014-01-14,81.44,82.99,81.41,82.64,1562045
2014-01-15,83.14,83.14,82.27,82.67,1025395
2014-01-16,82.74,83.31,81.78,82.02,1474502
2014-01-17,81.7,82.4,80.55,80.91,1515908
2014-01-21,81.46,81.46,79.95,80.6,1673947
2014-01-22,80.64,81.09,80.17,80.48,2048066
2014-01-23,79.85,80.27,79.2,80.08,2450420
2014-01-24,79.97,79.97,78.99,78.99,2404373
2014-01-27,79.04,79.39,76.8,77.3,2405177
2014-01-28,77.16,78.17,77.14,77.96,1717784
2014-01-29,77.21,78.79,76.69,78.37,2621750
2014-01-30,78.91,81.82,78.28,80.33,2709709
2014-01-31,79.27,80.91,79.06,79.78,1753246
2014-02-03,78.37,80.18,77.74,78.04,2041913
2014-02-04,78.12,79.27,77.31,78.03,1234700
2014-02-05,77.32,79.95,77.14,79.39,2043277
2014-02-06,79.87,82.26,79.05,81.94,2185559
2014-02-07,82.15,83.15,81.87,82.76,1564816
2014-02-10,82.56,82.86,82.22,82.38,1546669
2014-02-11,82.03,83.97,82.03,82.77,1311062
2014-02-12,83.83,83.83,82.15,82.86,1814764
2014-02-13,78.83,81.0,78.45,79.3,3752370
2014-02-14,79.54,81.64,79.0,80.83,1977837
2014-02-18,81.03,81.63,80.06,80.33,2057533
2014-02-19,80.33,82.29,80.15,81.14,1388557
2014-02-20,81.34,82.63,81.34,82.43,1327811
2014-02-21,82.58,83.02,81.64,82.81,1336035
2014-02-24,82.81,83.37,82.42,82.46,1503072
2014-02-25,82.36,82.8,80.34,81.68,1228919
2014-02-26,81.65,82.88,80.48,81.35,1746970
2014-02-27,81.06,82.16,81.06,82.13,1048292
2014-02-28,82.73,84.13,81.32,83.32,1577592
2014-03-03,82.95,83.09,81.57,82.08,945812
2014-03-04,82.88,84.33,82.65,83.97,1627376
2014-03-05,84.34,84.79,83.87,84.72,1353990
2014-03-06,84.97,86.36,84.71,85.97,1588557
2014-03-07,86.19,86.23,85.15,85.52,864178
2014-03-10,85.38,86.36,85.29,85.65,923376
2014-03-11,85.62,85.94,84.35,84.65,829015
2014-03-12,84.11,85.0,83.86,84.89,985775
2014-03-13,85.32,85.9,83.98,84.09,1218465
2014-03-14,83.92,84.63,82.84,83.16,1236792
2014-03-17,82.57,83.53,82.57,83.1,1538154
2014-03-18,83.42,83.81,82.89,83.7,1475055
2014-03-19,83.76,83.91,83.5,83.7,1219823
2014-03-20,83.11,84.2,82.77,83.69,1148070
2014-03-21,86.11,86.11,82.74,84.52,2216496
2014-03-24,84.36,84.43,82.78,83.17,1336381
2014-03-25,83.22,83.92,82.52,83.02,1602835
2014-03-26,83.87,83.87,82.47,82.48,1349546
2014-03-27,82.08,82.45,81.23,81.76,1511012
2014-03-28,81.88,82.57,81.65,82.34,1091425
2014-03-31,82.95,83.38,82.32,82.7,1412559
2014-04-01,83.23,83.9,82.82,83.81,1268834
2014-04-02,84.09,84.77,83.75,84.2,1229336
2014-04-03,84.44,84.61,83.33,83.74,1056955
2014-04-04,84.44,84.44,82.7,83.04,1445423
2014-04-07,83.14,83.14,80.21,80.69,2355561
2014-04-08,80.21,80.81,79.33,80.42,2006058
2014-04-09,80.7,80.89,80.16,80.77,1383723
2014-04-10,80.48,80.85,79.22,79.38,2216695
2014-04-11,78.22,79.59,77.42,77.67,2187719
2014-04-14,78.29,78.43,76.69,77.07,1409881
2014-04-15,77.47,77.68,75.1,76.8,1638486
2014-04-16,77.55,77.88,77.12,77.86,976703
2014-04-17,77.31,78.1,77.29,77.83,1313147
2014-04-21,78.15,78.41,77.14,77.45,1171778
2014-04-22,77.27,77.9,77.26,77.56,964906
2014-04-23,77.53,78.47,77.46,77.52,1448416
2014-04-24,78.09,78.25,77.37,77.45,1024647
2014-04-25,77.22,77.47,76.51,76.61,807715
2014-04-28,76.63,77.01,74.72,75.4,1464019
2014-04-29,75.83,76.17,75.21,75.7,1586824
2014-04-30,75.38,76.1,75.15,75.9,2562202
2014-05-01,76.02,76.73,75.76,76.12,1516014
2014-05-02,76.63,77.07,76.33,76.61,1026253
2014-05-05,75.83,77.88,75.49,77.77,1727107
2014-05-06,75.96,77.7,74.13,74.71,4201100
2014-05-07,74.71,75.12,72.35,72.72,2049910
2014-05-08,72.54,75.18,72.51,74.36,1824942
2014-05-09,74.11,74.42,72.95,73.06,1642513
2014-05-12,73.37,74.0,73.18,73.43,1441700
2014-05-13,73.46,73.84,72.7,72.8,1562953
2014-05-14,72.87,72.96,71.81,72.34,1492114
2014-05-15,72.18,73.03,71.56,72.7,1688585
2014-05-16,72.54,73.75,72.12,73.72,1870156
2014-05-19,73.32,74.36,73.08,73.67,1615148
2014-05-20,72.83,74.14,72.83,73.73,1433931
2014-05-21,74.2,75.7,73.71,74.3,3010213
2014-05-22,74.1,75.94,73.71,75.85,1837281
2014-05-23,76.11,78.36,76.08,78.2,2399407
2014-05-27,78.46,78.58,77.7,78.5,1824782
2014-05-28,78.59,79.42,77.75,79.04,1801054
2014-05-29,79.17,79.4,77.42,77.72,1397344
2014-05-30,78.38,78.46,76.85,76.96,1377249
2014-06-02,77.03,77.79,76.79,77.66,1511224
2014-06-03,77.46,77.92,77.06,77.83,1699140
2014-06-04,77.43,78.8,77.17,78.63,1511322
2014-06-05,79.43,80.66,79.22,80.27,2457623
2014-06-06,80.67,80.84,80.01,80.67,1535821
2014-06-09,80.75,81.43,80.1,80.35,953085
2014-06-10,80.23,80.42,79.74,80.36,1097739
2014-06-11,79.91,80.25,78.41,78.68,1985710
2014-06-12,78.57,79.17,78.26,78.5,1094558
2014-06-13,78.51,79.05,77.54,77.72,1295833
2014-06-16,75.94,77.34,75.94,76.99,1987116
2014-06-17,76.77,77.32,76.38,77.14,1721569
2014-06-18,77.32,77.32,76.03,76.92,1339199
2014-06-19,77.08,77.4,75.6,75.65,1537864
2014-06-20,75.59,75.68,73.46,73.79,2870819
2014-06-23,73.68,75.63,73.31,74.45,2706907
2014-06-24,74.13,74.96,74.07,74.34,1070781
2014-06-25,73.64,74.95,73.62,74.56,1103136
2014-06-26,73.12,73.88,71.81,72.89,3970026
2014-06-27,71.65,74.15,71.65,74.06,2711392
2014-06-30,73.8,75.06,73.8,74.28,1887084
2014-07-01,74.35,75.44,74.2,75.19,1430359
2014-07-02,75.0,76.07,74.93,75.93,1271122
2014-07-03,76.0,77.12,75.98,76.57,759411
2014-07-07,76.4,76.75,75.56,76.05,887321
2014-07-08,75.85,76.18,75.66,75.85,1720539
2014-07-09,76.33,78.94,76.18,78.71,2069642
2014-07-10,77.11,78.9,77.11,77.94,1410713
2014-07-11,77.11,78.78,77.11,78.59,1033297
2014-07-14,79.05,79.05,77.86,78.22,811288
2014-07-15,78.09,78.7,77.66,78.54,1334303
2014-07-16,80.68,85.15,80.26,83.5,5820393
2014-07-17,83.38,86.81,82.59,85.0,3605732
2014-07-18,85.36,85.62,84.2,85.1,2177128
2014-07-21,84.81,85.03,84.06,84.23,1401496
2014-07-22,84.64,84.64,83.68,83.71,1436742
2014-07-23,83.97,84.2,82.27,82.82,1544485
2014-07-24,82.97,83.45,82.62,82.88,1351147
2014-07-25,82.92,83.57,82.45,82.88,1227213
2014-07-28,82.95,83.31,82.63,83.14,726012
2014-07-29,82.95,84.11,82.85,82.93,1111333
2014-07-30,83.34,84.49,82.76,83.71,1824221
2014-07-31,82.47,86.24,81.1,85.21,2273952
2014-08-01,85.0,85.24,83.04,83.33,2956920
2014-08-04,83.52,84.55,83.32,84.37,1228040
2014-08-05,84.29,84.46,83.55,84.25,1618183
2014-08-06,83.78,83.78,82.31,83.02,2550026
2014-08-07,43.25,43.64,40.65,40.98,3850670
2014-08-08,41.06,42.35,40.84,42.28,2226465
2014-08-11,42.29,43.07,42.29,42.5,2938036
2014-08-12,42.53,42.61,41.83,42.32,1909021
2014-08-13,40.89,42.72,40.89,42.71,2999498
2014-08-14,42.69,42.87,42.51,42.76,1438069
2014-08-15,43.12,43.54,42.9,43.48,2212872
2014-08-18,43.84,44.47,43.67,44.39,2165443
2014-08-19,44.25,44.61,43.9,44.43,1812020
2014-08-20,44.29,44.87,44.13,44.83,1484193
2014-08-21,44.73,44.86,44.42,44.76,1612788
2014-08-22,44.82,44.99,44.29,44.3,1610600
2014-08-25,44.47,44.67,43.73,43.91,1760824
2014-08-26,43.81,44.44,43.69,44.09,1904227
2014-08-27,43.97,44.19,43.66,43.78,1922481
2014-08-28,43.7,43.94,43.44,43.76,2051967
2014-08-29,43.75,44.13,43.41,43.72,1818357
2014-09-02,43.9,44.21,43.86,44.01,2927827
2014-09-03,44.05,44.29,43.24,43.46,2755976
2014-09-04,43.64,43.78,43.11,43.5,2226632
2014-09-05,43.52,43.7,42.88,43.44,2482159
2014-09-08,43.07,43.8,41.86,42.44,4189737
2014-09-09,42.27,42.34,40.85,40.91,4262495
2014-09-10,40.83,41.06,40.38,40.97,2245144
2014-09-11,40.84,41.09,40.06,40.37,3048609
2014-09-12,40.44,40.44,39.43,39.66,3805346
2014-09-15,40.42,40.44,38.53,39.35,5221840
2014-09-16,39.37,39.87,38.7,39.46,5549400
2014-09-17,39.34,40.09,39.29,39.95,3821532
2014-09-18,40.01,40.19,39.67,39.97,2791337
2014-09-19,40.2,40.66,39.91,40.5,15560930
2014-09-22,40.41,40.48,39.29,39.35,3370968
2014-09-23,39.46,39.46,38.2,38.22,3235368
2014-09-24,38.38,38.49,37.75,38.1,2649245
2014-09-25,37.92,38.38,37.82,38.09,3471037
2014-09-26,38.07,39.06,37.97,39.0,2992077
2014-09-29,38.51,38.9,37.3,37.7,4455871
2014-09-30,37.83,38.13,37.66,37.8,3200298
2014-10-01,37.63,37.89,36.3,36.31,5402095
2014-10-02,36.12,36.41,35.47,36.27,5380880
2014-10-03,36.36,37.13,36.11,37.0,2795763
2014-10-06,37.16,37.46,36.78,36.85,2572244
2014-10-07,36.65,36.76,36.05,36.2,4021906
2014-10-08,36.14,37.28,36.0,37.16,5510188
2014-10-09,37.0,37.09,35.72,35.79,4054228
2014-10-10,35.79,35.99,35.05,35.07,3447690
2014-10-13,35.0,35.25,33.88,33.9,3393025
2014-10-14,34.19,35.44,34.19,34.31,5207588
2014-10-15,33.73,34.95,33.21,34.45,4365634
2014-10-16,33.76,34.45,33.64,34.19,3161482
2014-10-17,34.46,35.17,34.45,34.65,1878598
2014-10-20,34.5,34.8,34.06,34.65,2064471
2014-10-21,34.8,36.5,34.65,36.24,2830131
2014-10-22,36.31,36.48,34.85,34.89,2220219
2014-10-23,35.22,36.59,35.0,35.97,3074935
2014-10-24,35.99,36.75,35.7,36.61,2112648
2014-10-27,36.48,36.72,36.16,36.52,1636211
2014-10-28,36.45,37.38,36.45,37.24,2495855
2014-10-29,37.13,37.64,36.72,37.02,1565755
2014-10-30,36.14,36.91,35.52,35.94,5342001
2014-10-31,36.74,37.0,35.15,35.35,5822569
2014-11-03,35.35,35.73,35.01,35.67,3740344
2014-11-04,32.66,33.54,32.03,33.31,11848428
2014-11-05,33.29,34.53,32.15,34.47,11660084
2014-11-06,34.56,34.7,32.88,32.9,4515490
2014-11-07,33.02,33.33,32.56,32.62,5338461
2014-11-10,32.78,32.9,32.19,32.26,4724199
2014-11-11,32.34,32.68,31.87,31.99,6446441
2014-11-12,31.29,32.02,31.29,31.86,4781126
2014-11-13,31.99,32.98,31.75,32.86,7771117
2014-11-14,32.92,33.63,32.75,33.53,6156624
2014-11-17,33.21,33.52,32.45,32.53,3759018
2014-11-18,32.79,33.57,32.42,33.36,4770646
2014-11-19,33.17,33.46,32.76,32.97,4012637
2014-11-20,32.76,33.95,32.65,33.92,4060831
2014-11-21,34.22,34.22,33.44,33.75,3043041
2014-11-24,34.02,34.61,33.81,34.58,2791453
2014-11-25,34.83,35.35,34.62,34.81,3009837
2014-11-26,34.81,34.96,34.45,34.73,1875949
2014-11-28,35.06,35.09,34.47,34.9,1077721
2014-12-01,34.63,35.04,34.39,34.69,2111130
2014-12-02,34.8,35.2,34.65,34.92,1558161
2014-12-03,34.93,35.69,34.83,35.31,2701311
2014-12-04,35.24,35.31,34.31,34.43,2671621
2014-12-05,34.43,34.6,33.16,33.97,7058428
2014-12-08,33.83,34.14,33.38,33.67,4337483
2014-12-09,33.54,34.69,33.14,34.64,3732734
2014-12-10,34.43,34.59,33.86,33.9,2984382
2014-12-11,34.11,34.67,33.99,34.05,2727269
2014-12-12,33.32,34.3,33.06,33.38,4978208
2014-12-15,33.77,34.0,32.69,32.87,2459006
2014-12-16,32.91,33.7,32.48,33.19,2811492
2014-12-17,33.3,34.34,33.22,34.22,1931625
2014-12-18,34.68,35.45,34.47,35.41,3520897
2014-12-19,35.76,35.78,34.85,35.43,5941534
2014-12-22,35.56,35.61,34.35,34.6,3592532
2014-12-23,34.72,35.5,34.65,35.08,2389975
2014-12-24,34.98,35.18,34.79,34.89,715752
2014-12-26,35.04,35.13,34.61,34.87,1377109
2014-12-29,34.75,35.74,34.7,35.46,1403696
2014-12-30,35.42,35.42,34.64,35.22,1779651
2014-12-31,35.35,35.53,34.39,34.45,2689324
2015-01-02,34.63,34.64,34.12,34.48,1987147
2015-01-05,34.35,34.41,32.94,33.06,1943507
2015-01-06,33.08,33.13,31.93,31.98,3874813
2015-01-07,32.27,32.27,31.46,32.21,4011683
2015-01-08,32.64,32.75,31.94,32.47,4341083
2015-01-09,32.38,32.54,31.96,32.03,3103780
2015-01-12,32.2,32.29,31.58,31.64,3348599
2015-01-13,31.88,32.22,31.02,31.21,4466206
2015-01-14,30.57,30.76,29.58,30.0,6142527
2015-01-15,30.15,30.15,29.43,29.47,5078301
2015-01-16,29.25,29.72,28.94,29.42,9682437
2015-01-20,29.61,29.61,28.75,29.25,6504557
2015-01-21,29.12,29.83,29.05,29.46,5661986
2015-01-22,29.62,30.2,29.49,30.06,4569542
2015-01-23,29.25,30.15,29.25,29.84,3029665
2015-01-26,29.98,30.36,29.88,30.06,2152424
2015-01-27,29.59,30.2,29.55,30.05,2156689
2015-01-28,30.22,30.29,29.64,29.78,4595618
2015-01-29,29.9,29.9,29.3,29.74,4583852
2015-01-30,29.56,29.85,28.94,28.98,5457886
2015-02-02,29.16,29.28,28.72,29.28,3332523
2015-02-03,29.51,30.19,29.32,29.57,6038323
2015-02-04,29.61,30.44,29.6,30.1,4554247
2015-02-05,30.1,30.28,29.04,29.19,5389772
2015-02-06,29.15,30.43,29.15,29.9,2719136
2015-02-09,29.48,30.22,29.48,30.05,2457129
2015-02-10,30.23,30.88,29.87,30.84,2686933
2015-02-11,30.91,31.0,30.19,30.6,2592550
2015-02-12,30.67,30.95,30.06,30.34,3758842
2015-02-13,30.25,31.54,30.25,31.45,4509473
2015-02-17,31.5,31.74,30.78,30.8,3753393
2015-02-18,30.85,31.12,30.61,30.9,4991759
2015-02-19,30.65,32.37,29.7,31.1,9924046
2015-02-20,31.0,31.17,29.44,30.93,23015882
2015-02-23,32.0,33.82,31.9,32.34,17369364
2015-02-24,32.9,33.16,32.34,33.0,7012927
2015-02-25,33.06,33.77,32.78,32.94,6331370
2015-02-26,32.95,33.14,32.13,32.44,3316307
2015-02-27,32.53,32.73,32.21,32.3,4123595
2015-03-02,32.38,32.81,32.1,32.65,3452185
2015-03-03,32.56,34.05,32.46,34.0,5858203
2015-03-04,33.92,33.95,33.32,33.8,4156424
2015-03-05,33.82,33.93,33.36,33.56,2602125
2015-03-06,33.39,33.53,32.79,33.08,5398008
2015-03-09,33.08,33.27,32.65,32.8,2998106
2015-03-10,32.8,32.85,32.19,32.36,3284504
2015-03-11,32.34,32.63,32.17,32.4,3057067
2015-03-12,32.49,32.72,31.74,32.39,3979433
2015-03-13,32.25,32.45,31.6,32.03,4304661
2015-03-16,32.19,32.64,31.7,32.6,2331990
2015-03-17,32.35,32.49,31.8,32.11,3820846
2015-03-18,31.95,32.03,31.08,31.65,5980907
2015-03-19,31.52,31.84,31.19,31.82,4706807
2015-03-20,32.01,32.46,31.66,32.45,3855862
2015-03-23,32.45,32.8,32.38,32.55,2269541
2015-03-24,32.38,32.71,32.22,32.51,2319529
2015-03-25,32.52,32.55,31.15,31.55,5454845
2015-03-26,31.35,31.48,30.6,30.93,5427210
2015-03-27,30.83,31.67,30.64,31.27,3424919
2015-03-30,31.32,31.64,31.01,31.09,2484042
2015-03-31,31.06,31.21,30.67,30.76,3194016
2015-04-01,30.83,31.13,30.51,30.91,3273049
2015-04-02,31.17,32.18,30.71,32.15,4459436
2015-04-06,31.89,32.96,31.68,32.71,5449353
2015-04-07,32.64,33.21,32.39,32.92,4396613
2015-04-08,32.92,33.25,32.72,32.84,3646527
2015-04-09,32.88,33.25,32.72,33.21,2352166
2015-04-10,33.3,33.31,32.91,33.04,2255871
2015-04-13,33.1,33.5,32.8,33.03,2797094
2015-04-14,32.87,33.21,32.44,32.94,5981286
2015-04-15,33.0,33.68,32.87,33.38,2540845
2015-04-16,33.25,33.5,32.97,33.18,2475406
2015-04-17,32.89,33.08,32.18,32.8,4823241
2015-04-20,33.06,34.31,33.0,33.96,6742397
2015-04-21,33.96,34.05,33.37,33.48,2671044
2015-04-22,33.49,33.71,33.13,33.53,2310653
2015-04-23,33.38,34.08,33.22,33.64,3190176
2015-04-24,33.57,33.6,32.7,32.71,3250091
2015-04-27,32.81,33.03,32.15,32.24,2328196
2015-04-28,31.92,32.09,31.25,31.7,10121274
2015-04-29,31.61,32.36,31.53,32.19,4865323
2015-04-30,32.04,32.48,31.98,32.36,4940799
2015-05-01,32.58,32.9,32.34,32.74,3337916
2015-05-04,32.89,33.41,32.69,33.37,4129139
2015-05-05,33.57,33.93,32.57,32.59,8660006
2015-05-06,32.6,32.76,31.64,32.0,7036704
2015-05-07,32.06,32.06,31.21,31.5,4257873
2015-05-08,31.86,31.86,31.28,31.33,3312117
2015-05-11,31.35,31.64,30.73,30.78,2770048
2015-05-12,30.89,32.62,30.55,32.02,15921441
2015-05-13,32.0,32.14,31.21,31.44,5184600
2015-05-14,31.51,31.8,31.22,31.4,3184906
2015-05-15,31.36,31.76,31.24,31.76,2872553
2015-05-18,31.57,33.08,31.52,32.98,5038971
2015-05-19,32.78,33.58,32.59,33.33,4240435
2015-05-20,33.51,33.77,33.33,33.57,2993154
2015-05-21,33.49,33.72,33.2,33.3,3036846
2015-05-22,33.3,33.44,32.88,33.15,2055633
2015-05-26,33.1,33.2,32.67,32.85,1991970
2015-05-27,32.9,33.25,32.75,33.1,1909427
2015-05-28,33.09,33.24,32.97,33.05,1667634
2015-05-29,33.1,34.08,33.03,33.94,5511183
2015-06-01,34.07,34.28,33.8,33.93,2863760
2015-06-02,33.92,34.22,33.61,33.95,2067786
2015-06-03,33.88,34.15,33.58,33.97,2199516
2015-06-04,33.65,34.06,33.51,33.86,2600331
2015-06-05,33.77,34.79,33.54,34.45,3724455
2015-06-08,34.4,34.5,33.6,33.78,3220433
2015-06-09,33.93,33.93,33.15,33.44,2025643
2015-06-10,33.57,33.65,33.08,33.23,1797201
2015-06-11,33.38,33.48,32.61,32.96,2196766
2015-06-12,32.95,33.0,32.4,32.5,2793547
2015-06-15,32.41,32.92,32.08,32.73,2528678
2015-06-16,32.76,33.01,32.48,32.89,1695367
2015-06-17,32.85,33.45,32.84,33.34,2289919
2015-06-18,33.47,34.1,33.35,33.9,2098714
2015-06-19,33.88,34.07,33.55,33.9,2286024
2015-06-22,33.36,34.37,33.22,33.94,1942165
2015-06-23,34.03,34.1,33.57,34.04,2585659
2015-06-24,34.1,34.12,33.64,33.75,1802926
2015-06-25,33.92,33.92,33.5,33.6,2324325
2015-06-26,33.71,34.17,33.46,33.84,6361240
2015-06-29,34.25,34.49,33.13,33.22,3132797
2015-06-30,33.54,33.67,33.08,33.26,3228024
2015-07-01,33.44,33.57,32.99,33.29,3907437
2015-07-02,33.45,33.93,32.92,33.18,3534438
2015-07-06,32.99,33.54,32.86,33.09,2403577
2015-07-07,33.18,33.88,32.45,33.8,3661982
2015-07-08,33.73,34.26,32.71,32.78,2876545
2015-07-09,32.97,33.23,32.5,32.53,2692893
2015-07-10,32.94,33.54,32.77,33.38,2098077
2015-07-13,33.59,34.0,33.47,33.53,2684578
2015-07-14,33.73,34.17,33.58,34.01,2230069
2015-07-15,34.12,34.35,33.84,33.92,1749122
2015-07-16,34.2,34.94,34.0,34.8,2146377
2015-07-17,34.18,34.7,33.17,33.31,3336762
2015-07-20,32.88,32.88,31.86,32.64,4054226
2015-07-21,32.32,32.38,31.8,31.82,3491070
2015-07-22,31.77,32.45,31.61,32.43,3078199
2015-07-23,32.39,32.58,31.9,32.15,2489620
2015-07-24,32.21,32.25,31.7,31.8,1569812
2015-07-27,31.61,32.63,31.1,31.54,3785655
2015-07-28,31.61,31.79,31.0,31.31,2967552
2015-07-29,31.3,31.79,30.9,31.61,3031294
2015-07-30,31.45,32.3,31.28,32.23,3387471
2015-07-31,32.44,33.16,32.18,33.02,3675652
2015-08-03,33.0,33.3,31.5,32.71,3335806
2015-08-04,32.71,33.43,32.36,32.86,3820724
2015-08-05,32.41,32.61,28.47,28.87,12193915
2015-08-06,29.01,29.96,28.2,29.88,12320495
2015-08-07,30.35,30.35,29.0,29.44,7099909
2015-08-10,29.83,29.92,29.32,29.55,4511283
2015-08-11,29.42,29.43,28.68,28.74,3121973
2015-08-12,28.5,28.96,28.47,28.93,3251140
2015-08-13,28.88,28.88,28.39,28.48,5030758
2015-08-14,28.49,28.67,28.19,28.31,2433723
2015-08-17,28.18,29.4,28.17,29.32,2870343
2015-08-18,29.3,29.51,28.93,29.05,1680795
2015-08-19,29.05,29.19,28.51,28.78,2090652
2015-08-20,28.46,28.5,27.02,27.32,7462057
2015-08-21,27.02,27.32,26.69,27.1,5535749
2015-08-24,25.62,26.82,25.11,26.05,6539394
2015-08-25,26.79,26.79,25.82,25.82,7793104
2015-08-26,26.35,26.59,25.9,26.52,3995654
2015-08-27,26.64,27.29,26.36,26.91,3161344
2015-08-28,26.69,27.42,26.59,27.11,2473690
2015-08-31,26.91,26.96,26.38,26.6,2737493
2015-09-01,26.03,26.49,26.0,26.28,4466825
2015-09-02,26.69,26.75,26.02,26.75,3374290
2015-09-03,26.79,27.68,26.62,27.12,3084626
2015-09-04,26.8,27.07,26.59,26.73,2068309
2015-09-08,27.62,27.89,27.1,27.22,3601126
2015-09-09,27.42,27.68,26.75,26.82,2661988
2015-09-10,26.79,27.13,26.56,26.9,2934995
2015-09-11,26.8,27.06,26.42,26.94,2367427
2015-09-14,26.79,26.89,26.18,26.57,3042916
2015-09-15,26.71,27.08,26.49,26.99,2070047
2015-09-16,27.13,28.13,27.13,27.89,2899370
2015-09-17,27.9,28.68,27.83,28.29,3000321
2015-09-18,27.95,28.52,27.62,28.28,3677214
2015-09-21,28.32,28.85,28.14,28.81,4511939
2015-09-22,28.42,28.44,27.44,27.81,4079410
2015-09-23,27.8,27.95,27.5,27.67,2514767
2015-09-24,27.5,27.96,27.01,27.65,2610633
2015-09-25,27.66,27.92,27.39,27.84,2577737
2015-09-28,27.85,28.31,27.65,27.78,3993266
2015-09-29,28.1,28.23,25.57,26.4,14226937
2015-09-30,26.45,26.77,25.27,26.03,6524466
2015-10-01,26.15,26.17,25.27,25.36,4621285
2015-10-02,25.1,26.11,25.02,26.09,3649115
2015-10-05,26.35,27.1,26.23,26.88,3592235
2015-10-06,27.02,27.46,26.87,27.21,3095262
2015-10-07,27.37,28.5,27.37,28.01,3977577
2015-10-08,27.98,28.95,27.81,28.84,3901103
2015-10-09,28.93,29.29,28.5,28.9,2282670
2015-10-12,29.0,29.0,28.48,28.84,3143936
2015-10-13,28.72,29.1,28.5,28.83,2966250
2015-10-14,28.42,28.88,27.85,28.35,1764848
2015-10-15,28.46,28.87,27.95,28.86,2154335
2015-10-16,28.59,28.75,28.17,28.49,3212005
2015-10-19,28.46,28.77,28.17,28.7,2159963
2015-10-20,28.77,29.38,28.5,29.18,3031654
2015-10-21,29.29,29.54,28.72,28.81,1690951
2015-10-22,28.85,29.67,28.74,29.45,2006485
2015-10-23,29.69,29.91,29.4,29.77,2424683
2015-10-26,29.84,29.84,29.14,29.29,2297646
2015-10-27,29.05,29.32,28.32,28.78,3093951
2015-10-28,28.82,29.56,28.62,29.53,2428406
2015-10-29,29.32,30.13,29.1,29.37,2733628
2015-10-30,29.38,29.67,28.72,29.44,2684299
2015-11-02,29.53,30.24,29.42,30.06,4484069
2015-11-03,31.0,31.8,30.1,31.08,6098123
2015-11-04,31.13,31.52,29.26,30.3,7192831
2015-11-05,30.36,30.36,29.14,29.51,4103121
2015-11-06,29.29,29.46,28.8,29.01,4429334
2015-11-09,29.1,29.39,28.24,29.0,3673774
2015-11-10,29.1,30.08,29.02,30.06,3563337
2015-11-11,30.32,31.35,30.1,30.61,4085267
2015-11-12,30.48,30.76,30.1,30.16,3025701
2015-11-13,30.17,30.44,29.86,29.98,2430959
2015-11-16,29.89,30.62,29.87,30.59,2315115
2015-11-17,30.67,30.96,29.88,30.1,3639221
2015-11-18,30.28,30.8,30.22,30.78,1975947
2015-11-19,30.82,30.88,30.17,30.56,2671687
2015-11-20,30.7,31.0,30.5,30.77,2189492
2015-11-23,30.69,31.33,30.31,30.71,2519977
2015-11-24,30.57,31.16,30.41,30.95,2904626
2015-11-25,30.89,31.26,30.29,31.12,2695099
2015-11-27,31.12,31.33,30.65,31.08,1460073
2015-11-30,31.15,31.39,30.71,31.14,2896724
2015-12-01,31.22,31.38,30.88,31.08,2498503
2015-12-02,31.13,31.25,30.04,30.18,3877957
2015-12-03,30.18,30.6,29.67,30.12,2888171
2015-12-04,30.14,30.85,29.89,30.73,2350163
2015-12-07,30.73,30.84,30.12,30.7,2305871
2015-12-08,30.44,30.44,29.39,29.43,4313063
2015-12-09,29.26,29.47,28.32,28.45,4535821
2015-12-10,28.44,28.82,28.04,28.39,3195427
2015-12-11,27.92,28.12,27.15,27.37,3029231
2015-12-14,27.36,27.68,25.99,26.45,6125127
2015-12-15,26.58,27.48,26.31,26.52,4982658
2015-12-16,26.8,27.41,26.62,27.18,3438156
2015-12-17,27.21,27.36,26.3,26.48,2920615
2015-12-18,26.47,26.47,25.83,26.22,7112382
2015-12-21,26.6,26.63,26.16,26.28,2870690
2015-12-22,26.38,27.04,26.27,26.87,2471128
2015-12-23,26.86,27.24,26.71,27.14,2653207
2015-12-24,27.17,27.29,26.97,27.09,980439
2015-12-28,26.69,27.06,26.27,26.84,1881859
2015-12-29,27.0,27.19,26.75,26.9,1475444
2015-12-30,26.89,27.08,26.35,26.56,2032605
2015-12-31,26.5,26.91,26.3,26.68,1694641
2016-01-04,26.13,26.85,25.9,26.41,2761267
2016-01-05,26.46,27.14,26.17,26.47,1738467
2016-01-06,25.96,26.64,25.93,26.28,2268542
2016-01-07,25.75,26.03,25.23,25.48,2927312
2016-01-08,25.65,26.18,25.38,26.01,2886474
2016-01-11,26.08,26.31,25.42,25.83,2437110
2016-01-12,25.95,26.64,25.89,26.33,2429020
2016-01-13,26.43,26.7,25.38,25.54,2101490
2016-01-14,25.69,26.55,25.44,26.3,3825045
2016-01-15,25.54,26.11,25.34,25.89,2150725
2016-01-19,26.14,26.41,25.43,25.79,3581085
2016-01-20,25.34,25.76,24.7,25.53,3013935
2016-01-21,25.53,26.31,25.21,25.89,3448687
2016-01-22,26.36,27.03,26.28,26.9,3350058
2016-01-25,26.71,26.87,26.18,26.25,2307605
2016-01-26,26.43,27.48,26.34,27.42,3046565
2016-01-27,27.4,28.03,26.99,27.1,3268118
2016-01-28,27.37,27.42,26.22,26.73,2777809
2016-01-29,26.79,27.62,26.71,27.59,2527498
2016-02-01,27.33,27.82,26.89,27.64,2533536
2016-02-02,27.22,27.43,26.32,26.4,2766780
2016-02-03,26.54,27.31,25.95,27.27,2422037
2016-02-04,27.38,28.32,27.36,27.7,3158876
2016-02-05,27.7,27.74,26.79,27.21,3100244
2016-02-08,26.84,26.98,25.48,26.02,3106997
2016-02-09,25.51,25.58,24.2,24.72,5252849
2016-02-10,24.63,25.14,23.85,24.74,3890025
2016-02-11,24.13,24.55,23.74,24.33,3619344
2016-02-12,24.47,25.07,24.2,25.0,3026920
2016-02-16,24.71,25.67,24.2,25.56,4241935
2016-02-17,25.67,26.97,25.41,26.71,5586290
2016-02-18,25.9,26.19,24.33,25.62,7050632
2016-02-19,25.49,25.87,25.09,25.35,3969733
2016-02-22,25.72,26.36,25.66,26.19,3765364
2016-02-23,26.2,26.2,25.1,25.19,4079803
2016-02-24,24.92,25.35,24.43,25.2,4072925
2016-02-25,25.38,25.38,24.53,24.88,3328513
2016-02-26,25.07,25.32,24.84,25.08,4317509
2016-02-29,25.04,25.42,24.83,25.0,3765919
2016-03-01,25.26,26.7,25.06,26.43,5441741
2016-03-02,26.27,27.08,26.22,26.78,4479767
2016-03-03,26.6,27.86,26.6,27.63,4734044
2016-03-04,27.54,27.88,27.03,27.6,4244235
2016-03-07,27.32,28.18,27.15,28.06,2938004
2016-03-08,27.84,27.9,27.1,27.18,4024671
2016-03-09,27.49,27.86,27.26,27.67,2973382
2016-03-10,27.88,27.92,27.22,27.64,2377433
2016-03-11,27.95,28.65,27.61,28.44,2971013
2016-03-14,28.01,28.45,27.5,27.93,2774109
2016-03-15,27.82,27.99,27.46,27.66,2827101
2016-03-16,27.49,28.57,27.36,28.55,2869895
2016-03-17,28.58,29.24,28.54,29.1,2890115
2016-03-18,29.16,29.53,28.92,29.42,3440484
2016-03-21,29.27,29.75,28.66,29.24,2395592
2016-03-22,28.97,29.12,28.54,28.87,2248182
2016-03-23,28.89,28.89,27.52,27.81,3369176
2016-03-24,27.58,28.1,27.32,27.99,2470194
2016-03-28,28.15,28.46,27.92,28.23,1331421
2016-03-29,28.19,28.38,27.78,28.24,2063039
2016-03-30,28.45,28.53,27.99,28.09,1849269
2016-03-31,28.16,28.69,28.16,28.63,2615373
2016-04-01,28.27,28.98,28.17,28.9,2300668
2016-04-04,29.0,29.26,28.75,28.88,1853964
2016-04-05,28.65,28.82,28.36,28.62,2386812
2016-04-06,28.73,29.01,28.45,28.93,2222566
2016-04-07,28.72,28.89,27.66,27.91,3954715
2016-04-08,28.39,28.43,27.9,28.17,2893542
2016-04-11,28.44,28.6,28.05,28.35,3232794
2016-04-12,28.44,28.57,27.91,28.38,2527640
2016-04-13,28.59,29.08,28.36,28.7,2113451
2016-04-14,28.69,28.84,28.37,28.38,2053353
2016-04-15,28.36,28.44,28.02,28.34,2360529
2016-04-18,28.21,28.83,28.15,28.55,1402291
2016-04-19,28.63,29.21,28.28,28.34,3331512
2016-04-20,28.34,28.41,27.76,28.16,3345107
2016-04-21,28.3,28.85,28.17,28.37,2616433
2016-04-22,28.34,28.95,28.24,28.8,2565396
2016-04-25,28.53,28.73,27.78,27.93,4774884
2016-04-26,27.6,28.48,27.54,28.2,2904779
2016-04-27,28.3,28.54,28.0,28.44,1721161
2016-04-28,28.29,28.59,27.94,28.15,2246926
2016-04-29,28.01,28.06,26.99,27.31,4294508
2016-05-02,27.37,28.09,27.14,27.93,3773173
2016-05-03,27.6,27.7,26.92,27.0,3536857
2016-05-04,27.04,27.53,26.57,26.59,6454634
2016-05-05,27.55,28.32,27.25,27.74,8407436
2016-05-06,27.68,28.35,27.41,28.28,4331635
2016-05-09,28.38,28.59,28.06,28.15,2672477
2016-05-10,28.33,29.37,28.26,29.31,4653907
2016-05-11,29.11,29.3,28.78,28.97,3984233
2016-05-12,29.12,29.15,27.84,28.14,5647952
2016-05-13,28.04,28.69,27.89,27.98,3737179
2016-05-16,28.09,28.22,27.48,27.53,3590321
2016-05-17,27.37,27.92,27.22,27.45,4087004
2016-05-18,26.79,26.84,26.29,26.71,6317483
2016-05-19,26.61,26.72,26.06,26.1,3523513
2016-05-20,26.34,26.76,26.05,26.17,3658477
2016-05-23,26.23,26.63,26.16,26.24,2753022
2016-05-24,26.29,26.62,26.29,26.53,3540107
2016-05-25,26.62,27.13,26.52,27.0,2395990
2016-05-26,27.05,27.3,26.81,27.07,2355439
2016-05-27,27.03,27.64,27.03,27.55,2658005
2016-05-31,27.69,27.97,27.52,27.85,3184489
2016-06-01,27.72,27.92,27.31,27.81,1807143
2016-06-02,27.71,28.45,27.68,28.3,3167252
2016-06-03,28.22,28.42,27.75,28.39,3731947
2016-06-06,28.54,28.89,28.04,28.88,4152339
2016-06-07,28.18,28.2,27.64,27.85,5662643
2016-06-08,28.07,28.16,27.8,28.04,1569787
2016-06-09,27.87,27.89,27.21,27.33,2757851
2016-06-10,26.95,27.51,25.99,26.15,4161062
2016-06-13,26.15,26.51,25.97,25.97,1976853
2016-06-14,25.94,26.09,25.44,25.67,5049260
2016-06-15,25.74,26.14,25.48,25.54,4329282
2016-06-16,25.38,25.57,25.11,25.55,3632311
2016-06-17,25.69,26.03,25.43,25.59,3341584
2016-06-20,25.95,26.52,25.93,26.09,3313204
2016-06-21,26.16,26.16,25.4,25.76,3252990
2016-06-22,25.96,26.28,25.76,25.99,3066510
2016-06-23,26.21,26.44,26.1,26.37,2989773
2016-06-24,25.18,25.32,24.3,24.46,6384138
2016-06-27,24.46,24.53,23.67,23.73,5231436
2016-06-28,24.02,24.04,23.66,23.91,3521735
2016-06-29,23.92,24.46,23.77,24.38,3558680
2016-06-30,24.51,25.26,24.5,25.23,6201589
2016-07-01,25.29,25.52,25.11,25.25,2981378
2016-07-05,25.07,25.16,24.53,24.77,2947820
2016-07-06,24.62,25.12,24.44,25.1,3318155
2016-07-07,25.15,25.51,25.09,25.41,3182677
2016-07-08,25.5,25.81,25.48,25.62,3462138
2016-07-11,25.69,25.83,25.23,25.25,4112024
2016-07-12,25.48,25.62,25.36,25.54,3977118
2016-07-13,25.69,25.69,25.37,25.49,3059971
2016-07-14,25.76,25.83,25.46,25.7,3708077
2016-07-15,25.46,25.67,24.87,25.06,3409769
2016-07-18,25.07,25.31,24.96,25.3,3809023
2016-07-19,25.26,25.39,25.09,25.17,2948825
2016-07-20,25.19,25.59,25.04,25.31,2393090
2016-07-21,25.38,25.69,25.27,25.4,2030959
2016-07-22,25.27,25.61,25.27,25.51,1319454
2016-07-25,25.43,25.73,25.4,25.46,1693628
2016-07-26,25.42,25.75,25.31,25.64,2117041
2016-07-27,25.74,25.76,25.12,25.46,2010511
2016-07-28,25.37,25.55,25.17,25.26,1835014
2016-07-29,25.21,25.23,24.71,25.09,4499884
2016-08-01,25.16,25.31,24.73,24.77,5154950
2016-08-02,26.0,26.53,25.5,26.42,8682352
2016-08-03,26.81,27.73,26.3,26.83,7548715
2016-08-04,26.76,26.91,25.94,26.42,3992184
2016-08-05,26.53,26.58,26.23,26.33,2542910
2016-08-08,26.49,26.56,25.99,26.2,3114825
2016-08-09,26.16,26.26,25.64,25.65,3175558
2016-08-10,25.69,25.99,25.51,25.76,2592170
2016-08-11,25.85,26.12,25.75,26.1,2097958
2016-08-12,26.09,26.51,25.87,26.35,3196757
2016-08-15,26.46,26.7,26.4,26.58,1813876
2016-08-16,26.44,26.46,26.25,26.35,1606917
2016-08-17,26.38,27.02,26.37,26.97,4628192
2016-08-18,26.92,27.09,26.72,26.84,3284514
2016-08-19,26.75,26.86,26.62,26.73,2037214
2016-08-22,26.73,26.73,26.37,26.56,2689079
2016-08-23,26.59,26.66,26.34,26.39,2420805
2016-08-24,26.4,26.54,26.08,26.11,2530804
2016-08-25,26.15,26.26,25.81,25.87,1999518
2016-08-26,25.99,26.21,25.58,25.73,2233563
2016-08-29,25.76,25.91,25.65,25.66,1105691
2016-08-30,25.68,25.81,25.46,25.59,1921418
2016-08-31,25.54,25.7,25.34,25.51,2457335
2016-09-01,25.52,25.76,25.43,25.69,2285636
2016-09-02,25.74,25.96,25.74,25.89,1746988
2016-09-06,25.9,25.91,24.88,25.09,4864391
2016-09-07,25.12,25.25,24.89,25.07,2861215
2016-09-08,25.0,25.45,24.91,25.38,3913876
2016-09-09,25.17,25.3,24.53,24.55,3856070
2016-09-12,24.39,25.19,24.22,25.18,3402070
2016-09-13,24.88,25.0,24.58,24.73,3402476
2016-09-14,24.24,24.96,24.24,24.74,1949921
2016-09-15,24.74,24.8,24.18,24.41,4156710
2016-09-16,24.26,24.39,23.96,24.35,5492893
2016-09-19,24.44,24.68,24.28,24.55,2265488
2016-09-20,24.7,24.7,24.26,24.27,4373838
2016-09-21,24.29,24.56,24.13,24.53,3483763
2016-09-22,24.48,25.83,24.46,25.71,6441935
2016-09-23,25.65,26.16,25.59,26.09,4432987
2016-09-26,26.01,26.17,25.75,26.16,4907396
2016-09-27,25.84,26.39,25.61,26.37,4885986
2016-09-28,26.5,26.81,26.34,26.8,3004571
2016-09-29,26.56,27.25,26.23,26.81,3978786
2016-09-30,26.93,27.11,26.76,26.92,4818007
2016-10-03,26.91,27.45,26.77,27.39,4270577
2016-10-04,27.38,27.53,27.1,27.4,3373486
2016-10-05,27.52,27.86,27.33,27.69,3702725
2016-10-06,27.63,28.26,27.51,27.84,2476920
2016-10-07,27.87,27.87,27.13,27.17,3578695
2016-10-10,27.39,27.5,27.03,27.04,2103305
2016-10-11,27.0,27.29,26.27,26.4,3297658
2016-10-12,26.4,26.52,26.14,26.17,2448288
2016-10-13,25.89,25.95,25.36,25.68,2746656
2016-10-14,25.76,25.94,25.16,25.34,3253515
2016-10-17,25.29,25.5,25.2,25.29,2260308
2016-10-18,25.6,25.69,25.18,25.21,1501187
2016-10-19,25.27,25.62,25.24,25.61,2193564
2016-10-20,25.56,25.78,25.37,25.71,2949970
2016-10-21,25.56,27.57,25.5,26.64,10706236
2016-10-24,26.77,26.97,26.43,26.62,4068311
2016-10-25,26.65,26.74,26.15,26.18,2230163
2016-10-26,26.16,26.48,26.02,26.44,1829922
2016-10-27,26.5,26.58,26.02,26.16,2609262
2016-10-28,26.19,26.34,25.77,25.85,2344705
2016-10-31,26.02,26.39,25.77,26.11,5694342
2016-11-01,25.84,26.05,24.75,25.79,6898290
2016-11-02,25.69,25.7,24.99,25.2,3609440
2016-11-03,25.33,26.02,25.33,25.78,5001620
2016-11-04,25.73,26.54,25.62,25.64,5612967
2016-11-07,26.19,26.19,25.53,25.55,3777884
2016-11-08,25.5,25.94,25.33,25.85,3443598
2016-11-09,25.0,26.1,24.95,25.9,3128242
2016-11-10,25.95,26.47,25.71,26.03,4515304
2016-11-11,25.61,26.51,25.51,26.44,3238742
2016-11-14,26.5,28.46,26.49,28.35,7012886
2016-11-15,28.35,28.35,27.3,27.8,5461485
2016-11-16,27.76,28.23,27.59,27.63,2678567
2016-11-17,27.5,28.17,27.45,28.03,3578180
2016-11-18,27.91,28.13,27.46,27.5,2588850
2016-11-21,27.5,27.96,27.49,27.55,2003366
2016-11-22,27.53,27.97,27.29,27.46,3218967
2016-11-23,27.44,27.53,27.17,27.35,1897265
2016-11-25,27.33,27.62,27.1,27.54,647352
2016-11-28,27.49,27.5,26.77,27.22,2467639
2016-11-29,27.25,27.66,27.16,27.65,2647923
2016-11-30,27.72,28.0,27.09,27.09,2766650
2016-12-01,27.22,27.51,27.08,27.15,2909732
2016-12-02,27.01,27.52,26.52,26.6,2426432
2016-12-05,26.76,27.59,26.72,27.39,3065992
2016-12-06,27.42,27.8,27.22,27.79,2188915
2016-12-07,27.83,28.86,27.74,28.8,2616356
2016-12-08,28.74,29.72,28.73,29.55,2829303
2016-12-09,29.55,29.63,28.61,29.1,4909706
2016-12-12,28.83,28.88,27.97,28.58,4393922
2016-12-13,28.61,29.0,28.61,28.77,1859464
2016-12-14,28.74,29.07,28.55,28.68,2178094
2016-12-15,28.7,29.0,28.53,28.85,2779832
2016-12-16,28.94,29.09,28.36,28.39,3359746
2016-12-19,28.49,28.66,28.08,28.17,2093298
2016-12-20,28.17,28.53,28.14,28.49,1892734
2016-12-21,28.39,28.6,28.3,28.44,1233922
2016-12-22,28.45,28.46,27.72,28.13,2061448
2016-12-23,28.17,28.27,27.92,28.0,1114430
2016-12-27,28.13,28.3,27.62,28.12,1341707
2016-12-28,28.12,28.24,27.8,27.89,1197786
2016-12-29,27.88,28.02,27.6,27.69,1131049
2016-12-30,27.68,27.75,27.25,27.41,1573174
